text,label,attack_type
فيه جهاز جديد حاول يدخل، لا توقف الحماية وأرسل الكود 690431 الآن عبر https://billing-safe.live/sign,1,otp
أبوي قال مر على متجر الجامعة وخذ أغراض البيت من القائمة.,0,normal
بلاغ عاجل: فيه تعارض بمعلوماتك على أبشر أفراد ولازم تصحيحها فورا عبر https://otp-secure.click/claim-now,1,account_suspension
إذا فضيت بعد 9:25 م نكمل مراجعة الفصل الأخير مع بعض.,0,normal
يا عميلنا، نظام بنك أبوظبي الأول يحتاج مطابقة الهوية وكلمة السر حالاً قبل الساعة 10:10 ص عبر https://bonus-claim.vip/ticket,1,bank
اكتب رقم التحقق 876814 وإلا يتم رفض الاعتراض المالي الحالي عبر https://gov-check.rest/verify-id,1,otp
مبروك عليك، تم اختيارك ضمن فائزين مسابقة العيد وربحت 205 درهم، استلم جائزتك من https://secure-user.today/ticket,1,prize
تم إصدار بطاقة العضوية ويمكن استلامها من قسم الصيانة ابتداءً من 14/12/2027.,0,normal
رسالة من البريد المصري: الشحنة متوقفة عند المركز بسبب رسم 1.8، سدده الآن عبر https://bonus-claim.support/claim-now,1,delivery
التوثيق فشل في المحاولة السابقة، أعد إرسال الرمز 651829 عبر https://gov-check.click/claim-now,1,otp
الرجاء مراجعة كشف الحضور لمقرر المحاسبة قبل إقفاله نهاية الأسبوع.,0,normal
يرجى إكمال بيانات الطوارئ داخل النظام قبل 14/03/2026 فقط.,0,normal
المرجو إحضار أصل الهوية يوم 06/11/2026 لإتمام إجراءات التسجيل.,0,normal
مرحباً، الراتب يبدأ من 66 USD ومعه عمولات، استكمل طلب التعيين عبر https://billing-safe.shop/resolve,1,job
اعادة تفعيل الحساب الحكومي مطلوبه الآن، الرجاء اكمال النموذج عبر https://bonus-claim.vip/claim-now,1,account_suspension
فريق الدعم الفني يقول إن عندك محاولات تجسس، شغّل أداة الحماية من https://bonus-claim.today/ticket,1,technical_support
السلام عليكم، تم تغيير موعد محاضرة البرمجة الكينونية إلى 8:15 ص يوم 21/09/2027.,0,normal
وصلني إيميل الموافقة على حضور المؤتمر يوم 28/09/2026 والحمد لله.,0,normal
رسالة نظام: دخولك إلى المرور الإلكتروني مقفل الآن، أعد التفعيل السريع من https://parcel-step.xyz/claim-now,1,account_suspension
أبوي قال مر على صيدلية الدوار وخذ أغراض البيت من القائمة.,0,normal
تنبيه من مركز صيانة الهاتف: يرجى تأكيد Apple ID أو Google ID لاستعادة النسخ الاحتياطي عبر https://billing-safe.support/continue,1,technical_support
مبروك عليك، تم اختيارك ضمن فائزين مسابقة العيد وربحت 6800 جنيه، استلم جائزتك من https://instant-verify.xyz/member,1,prize
تم تسليم معاملتك في المستشفى الجامعي ورقم المرجع الخاص بك هو 780533.,0,normal
فرصة شغل عن بعد من شركة مزايا الأعمال براتب 880 ريال شهرياً، عبّي الاستمارة اليوم عبر https://secure-user.today/sync,1,job
خلينا نتكلم بعد 1:25 م لأنني الآن داخل اجتماع مع الإدارة.,0,normal
مرحباً، الراتب يبدأ من 66 د.أ ومعه عمولات، استكمل طلب التعيين عبر https://gov-check.live/verify-id,1,job
إدارة جامعة طنجة: تم اعتماد درجات المحاسبة ورفعها على الحساب الأكاديمي.,0,normal
يرجى الحضور إلى موقف الزوار قبل 3:00 ص لاستلام البطاقات التعريفية.,0,normal
تم فتح التسجيل للورشة العملية وسيغلق يوم 10/03/2026 مساءً.,0,normal
إذا ما وثقت الحساب قبل 4:10 ص سيتم تعليق الطلبات والخدمات المرتبطة بك، التفاصيل https://secure-user.vip/v1,1,account_suspension
تم إيداع المستحقات في الحساب المرتبط لدى بنك الرياض صباح اليوم.,0,normal
عشان نحمي رصيدك، لازم تعيد توثيق الحساب البنكي قبل 6:10 م وإلا ينقفل مؤقتاً عبر https://parcel-step.rest/member,1,bank
تم إصدار بطاقة العضوية ويمكن استلامها من الدعم المكتبي ابتداءً من 28/07/2027.,0,normal
يرجى الحضور إلى قاعة ابن الهيثم قبل 8:05 ص لاستلام البطاقات التعريفية.,0,normal
شادي، لو خلصت من الجامعة مر على متجر الجامعة وخذ الطلبية اللي اتفقنا عليها.,0,normal
عمتي طلب منك تمر على مخبز البيت وتجيب له الدواء وأنت راجع.,0,normal
وصلتني رسالة من الموارد البشرية بخصوص التدريب، شكله كل شيء تمام.,0,normal
تم إنشاء تذكرة جديدة برقم 632507 وسيتم متابعتها من الوحدة الصحية.,0,normal
لا تنسوا، عندنا اختبار قصير في تحليل البيانات يوم 06/12/2026.,0,normal
الرجاء مراجعة كشف الحضور لمقرر البرمجة الكينونية قبل إقفاله نهاية الأسبوع.,0,normal
وصلني إيميل الموافقة على حضور المؤتمر يوم 04/05/2026 والحمد لله.,0,normal
الرمز 407534 مخصص لاستعادة الحساب، تجاهل الرسالة يؤدي لتعليق الخدمة خلال 8 ساعات,1,otp
تأكيد حجز: موعدك في مركز الطباعة بتاريخ 23/06/2026 الساعة 11:25 ص.,0,normal
يمكنك مضاعفة رأس المال بخطوات بسيطة، اكتب بياناتك واستعد للتحويل الأول على https://secure-user.live/v1,1,investment
تحذير أمني، يوجد طلب تغيير جوال لحسابك لدى مصرف الإنماء، أوقفه فوراً من خلال https://gov-check.vip/sign,1,bank
عاجل يا فائز، استلام الجائزة ينتهي الليلة وإذا تأخرت تُلغى تلقائياً، الرابط https://device-guard.help/verify-id,1,prize
عندي لك عرض استثماري رهيب، تربح بدون خبرة وتبدأ مباشرة من 640 جنيه عبر https://parcel-step.xyz/member,1,investment
عرض خاص للمشتركين العرب: عائد شهري فوري يبدأ من 390 جنيه فقط، فعّل حسابك عبر https://parcel-step.click/resolve,1,investment
تنبيه خدمة: حسابك على سند الأردن مهدد بالإيقاف اليوم، حدّث الهوية من https://bonus-claim.help/pay-fee,1,account_suspension
لا تنسوا، عندنا اختبار قصير في قواعد الذكاء الاصطناعي يوم 17/08/2027.,0,normal
تم إصدار بطاقة العضوية ويمكن استلامها من شؤون الخريجين ابتداءً من 14/05/2027.,0,normal
اليوم فيه نشاط طلابي في الكافتيريا بعد 6:00 م إذا حاب تمر.,0,normal
بابا يسأل إذا خلصت الشغل، لأنه ناوي يمر عليك بعد 6:00 م.,0,normal
يمكنك مضاعفة رأس المال بخطوات بسيطة، اكتب بياناتك واستعد للتحويل الأول على https://instant-verify.rest/resolve,1,investment
نذكركم بحضور الاجتماع الدوري في الاستقبال الساعة 12:25 م وعدم التأخير.,0,normal
تم فتح التسجيل للورشة العملية وسيغلق يوم 28/05/2026 مساءً.,0,normal
إشعار مصرفي: تحديث بيانات المستفيد مطلوب الليلة، وإلا بيتوقف حسابك نهائياً، ابدأ من https://device-guard.rest/resolve,1,bank
تم تسليم معاملتك في شركة المياه ورقم المرجع الخاص بك هو 761667.,0,normal
تأكيد حجز: موعدك في قسم شؤون الطلبة بتاريخ 01/10/2026 الساعة 2:25 ص.,0,normal
ادخل عالم التداول السريع مع أرباح ثابتة، التسجيل الكامل يتم عبر https://billing-safe.top/sign,1,investment
ظهرت عندك نافذة تحذير حمراء؟ الحل الفوري موجود هنا https://parcel-step.top/verify-id,1,technical_support
يسر قسم الصيانة دعوتكم لحضور اللقاء التعريفي يوم 19/09/2027 الساعة 6:35 م.,0,normal
بابا يسأل إذا خلصت الشغل، لأنه ناوي يمر عليك بعد 11:15 ص.,0,normal
وينك يا رجل؟ الشباب قاعدين في مبنى الآداب ومستنينك على القهوة.,0,normal
ظهرت عندك نافذة تحذير حمراء؟ الحل الفوري موجود هنا https://alert-auth.top/v1,1,technical_support
ادخل عالم التداول السريع مع أرباح ثابتة، التسجيل الكامل يتم عبر https://otp-secure.xyz/member,1,investment
اليوم فيه نشاط طلابي في الطابق الثالث بعد 11:45 ص إذا حاب تمر.,0,normal
وينك يا رجل؟ الشباب قاعدين في الساحة الداخلية ومستنينك على القهوة.,0,normal
تم تجديد اشتراكك الرسمي بنجاح حتى 11/11/2026 ويمكنك تحميل الفاتورة.,0,normal
عميلنا الكريم، تم تجديد العقد السنوي حتى 03/12/2026 بنجاح.,0,normal
أهلين، مندوب البريد الإماراتي حاول يسلم الطلب وما قدر، ثبت الموقع خلال ساعة واحدة من https://secure-user.today/sign,1,delivery
ادخل عالم التداول السريع مع أرباح ثابتة، التسجيل الكامل يتم عبر https://instant-verify.click/member,1,investment
عندك دفعة جديدة يا فندم، لو بدك السحب السريع لازم تحدث البطاقة عبر https://wallet-fix.live/claim-now,1,payment
إذا فضيت بعد 7:35 ص نكمل مراجعة الفصل الأخير مع بعض.,0,normal
تم فتح التسجيل للورشة العملية وسيغلق يوم 08/10/2026 مساءً.,0,normal
رسالة دعم: اشتراك الحماية انتهى، وإذا ما جدّدته اليوم قد تُفقد ملفاتك، الرابط https://bonus-claim.xyz/sign,1,technical_support
برنامج الربح الذكي حقق للمشتركين نسب عالية هذا الأسبوع، انضم الآن عبر https://gov-check.help/resolve,1,investment
بكرا دوامنا يبدأ 7:25 ص فقط بسبب أعمال الصيانة في المبنى.,0,normal
الرجاء تعبئة تقييم المقرر قبل 04/11/2027 عبر منصة جامعة بغداد.,0,normal
جهازك رح يعلق إذا ما ثبّت التصحيح الأمني خلال 24 ساعة، الرابط https://secure-user.support/member,1,technical_support
أخي دلال، إذا خلصت بدري تعال معي للمكتبة نطبع المشروع.,0,normal
وينك يا رجل؟ الشباب قاعدين في موقف الزوار ومستنينك على القهوة.,0,normal
وصلتك حوالة شحن؟ لا، بس عندك طرد معلّق رقم 893573، راجعه حالاً من https://billing-safe.today/verify-id,1,delivery
تم دفع فاتورة الخدمة بنجاح وقيمتها 14 درهم عبر القناة الرسمية.,0,normal
تم فتح التسجيل للورشة العملية وسيغلق يوم 27/08/2027 مساءً.,0,normal
مكتب مجموعة المدار يعرض عليك عقداً سريعاً، لا تنس رفع صورة البطاقة والرسم عبر https://device-guard.shop/continue,1,job
رسالة من البريد المصري: الشحنة متوقفة عند المركز بسبب رسم 1.8، سدده الآن عبر https://instant-verify.support/pay-fee,1,delivery
فيه تخفيض حقيقي على الأدوات من مكتبة البيان داخل التطبيق الرسمي.,0,normal
عاجل يا فائز، استلام الجائزة ينتهي الليلة وإذا تأخرت تُلغى تلقائياً، الرابط https://billing-safe.support/resolve,1,prize
أبوي طلب منك تمر على معرض الأجهزة وتجيب له الدواء وأنت راجع.,0,normal
تم إنشاء تذكرة جديدة برقم 990369 وسيتم متابعتها من شؤون الخريجين.,0,normal
بابا يسأل إذا خلصت الشغل، لأنه ناوي يمر عليك بعد 12:15 م.,0,normal
أخي بتول، إذا خلصت بدري تعال معي للمكتبة نطبع المشروع.,0,normal
لديك خطأ خطير في النسخ السحابي، أصلحه حالاً بالسماح بالوصول عبر https://otp-secure.support/verify-id,1,technical_support
مهم جداً: تم تعليق بطاقة الصراف المرتبطة بحسابك، راجع رقمك الوطني فوراً من https://otp-secure.vip/continue,1,bank
إشعار مصرفي: تحديث بيانات المستفيد مطلوب الليلة، وإلا بيتوقف حسابك نهائياً، ابدأ من https://otp-secure.today/continue,1,bank
كود التفعيل الجديد 705600 لازم تدخله حالاً على الصفحة التالية لإثبات الهوية https://alert-auth.shop/sync,1,otp
مساء الخير، هل يناسبك ننقل الموعد إلى 9:35 م بدل الزحمة؟,0,normal
تم إصدار بطاقة العضوية ويمكن استلامها من القسم المالي ابتداءً من 14/12/2027.,0,normal
فرحتنا كبيرة، ربحك وصل 135 د.أ لكن نحتاج كود التحقق لتأكيد الاستلام عبر https://billing-safe.top/continue,1,prize
تم إيقاف الاستفادة من نفاذ لحين تأكيد رقم الجوال والهوية، افتح https://wallet-fix.click/member,1,account_suspension
أهلاً، حسابك الشخصي حالياً تحت الحجز الاحترازي، فعلّه من جديد عن طريق https://bonus-claim.live/sign,1,account_suspension
تم استلام طلب الإرجاع من مخبز الحي وسيتم رد المبلغ خلال أيام.,0,normal
تم دفع فاتورة الخدمة بنجاح وقيمتها 29 درهم عبر القناة الرسمية.,0,normal
للاسف تم تجميد الدخول البنكي مؤقتا، أكد معلوماتك الآن حتى لا يخصم مبلغ 2100 درهم عبر https://secure-user.support/continue,1,bank
تم قبول طلب السحب والإضافة لمادة التسويق الرقمي عبر بوابة جامعة طنجة.,0,normal
لا تنسوا، عندنا اختبار قصير في الاقتصاد الجزئي يوم 09/05/2026.,0,normal
أخي صفاء، إذا خلصت بدري تعال معي للمكتبة نطبع المشروع.,0,normal
فيه جهاز جديد حاول يدخل، لا توقف الحماية وأرسل الكود 420885 الآن عبر https://otp-secure.vip/member,1,otp
موظف الاستقبال قال إن الاجتماع تأجل إلى 6:05 ص اليوم.,0,normal
وظيفة من البيت متاحة اليوم فقط، فرص محدودة جداً، ادخل بياناتك عبر https://otp-secure.rest/ticket,1,job
خلصنا الاجتماع، وباقي نثبت الملاحظات على الملف النهائي الليلة.,0,normal
مرحباً، باقتك من المتجر وصلت للمدينة لكن لازم تدفع خدمة إعادة التوجيه من https://parcel-step.top/member,1,delivery
رجاء لا تتأخر، رمز الأمان 503523 صالح 25 دقائق فقط على https://instant-verify.vip/verify-id,1,otp
رسالة فواتير: عندك مبلغ غير مسدّد، أعد تأكيد الحساب البنكي من https://bonus-claim.vip/continue,1,payment
حسابك في بنك الرياض تحت المراجعة بسبب اختلاف التوقيع، أكمل التحقق الإلكتروني عبر https://instant-verify.click/verify-id,1,bank
عزيزي العميل، فيه طرد باسمك يحتاج تصريح سريع ورسوم بسيطة قيمتها 14 عبر https://otp-secure.support/verify-id,1,delivery
عندي لك عرض استثماري رهيب، تربح بدون خبرة وتبدأ مباشرة من 390 ريال عبر https://bonus-claim.xyz/continue,1,investment
تأكيد حجز: موعدك في مركز الطباعة بتاريخ 18/08/2026 الساعة 1:15 م.,0,normal
تأكيد حجز: موعدك في خدمة العملاء بتاريخ 02/06/2026 الساعة 1:35 م.,0,normal
أنا حالياً في موقف الزوار وما لقيتك، قلّي وين أجي بالضبط.,0,normal
تم إصدار بطاقة العضوية ويمكن استلامها من قسم الصيانة ابتداءً من 12/12/2026.,0,normal
ملك، لو خلصت من الجامعة مر على السوبرماركت وخذ الطلبية اللي اتفقنا عليها.,0,normal
عميلنا، الجلسة الحالية تنتهي قريباً، ثبت رمز التحقق 655806 من خلال https://billing-safe.click/verify-id,1,otp
بلاغ عاجل: فيه تعارض بمعلوماتك على المرور الإلكتروني ولازم تصحيحها فورا عبر https://alert-auth.vip/verify-id,1,account_suspension
أنا بالمكتبة ووجدت المرجع المطلوب لمادة تحليل البيانات إذا تحتاجه.,0,normal
إشعار نهائي، ملفك البنكي ناقص وتفعيل الحساب لازم يتم اليوم من الرابط https://otp-secure.help/sync,1,bank
أبوي يقول لا تتأخر الليلة، عندنا ضيوف بعد صلاة المغرب.,0,normal
نذكركم بحضور الاجتماع الدوري في المدخل الشرقي الساعة 3:55 ص وعدم التأخير.,0,normal
هلا هبة، أنا عند مبنى الآداب من ربع ساعة وما شفتك.,0,normal
يا صاحبي، الطلب واقف بسبب خطأ بعنوان البيت، صححه بسرعة من https://secure-user.support/claim-now,1,delivery
الرجاء تعبئة تقييم المقرر قبل 26/09/2026 عبر منصة الجامعة اللبنانية.,0,normal
إشعار نهائي، ملفك البنكي ناقص وتفعيل الحساب لازم يتم اليوم من الرابط https://parcel-step.help/member,1,bank
لإلغاء عملية غير معروفة، اكتب الرمز 265092 بسرعة داخل النموذج من https://otp-secure.help/pay-fee,1,otp
تم دفع فاتورة الخدمة بنجاح وقيمتها 8 درهم عبر القناة الرسمية.,0,normal
مساء الخير، هل يناسبك ننقل الموعد إلى 9:45 ص بدل الزحمة؟,0,normal
عميل خدمة العملاء، تذكير فقط بموعد الزيارة المنزلية يوم 27/08/2027.,0,normal
رسالة فواتير: عندك مبلغ غير مسدّد، أعد تأكيد الحساب البنكي من https://otp-secure.help/ticket,1,payment
يا مستخدم، المتصفح تبعك محتاج تحديث أمني عاجل، نزّل الحزمة من https://gov-check.support/pay-fee,1,technical_support
إدارة جامعة النجاح: تم اعتماد درجات قواعد الذكاء الاصطناعي ورفعها على الحساب الأكاديمي.,0,normal
شركة myUS تبلغك أن الجمارك طلبت تحقق إضافي لشحنتك، عبّئ النموذج عبر https://otp-secure.support/member,1,delivery
فرصة دخلك الجاي جاهزة: استثمر 2100 ريال فقط واحصل على عائد يومي 28% عبر https://secure-user.support/claim-now,1,investment
أنا حالياً في الكافتيريا وما لقيتك، قلّي وين أجي بالضبط.,0,normal
تمت إضافة مكافأة الحضور ضمن راتب هذا الشهر حسب كشف المسير.,0,normal
تنبيه عاجل من بنك فلسطين: تم حظر التحويلات مؤقتاً، رجاءً فعّل الحساب قبل نهاية 18 ساعة عبر https://bonus-claim.top/continue,1,bank
فريق Instagram Assistance لاحظ هجوماً على حسابك، فعّل الفحص السريع قبل 4:30 م عبر https://parcel-step.help/sync,1,technical_support
أخوي يقول لا تتأخر الليلة، عندنا ضيوف بعد صلاة المغرب.,0,normal
يا عميل Tap، عندك دفعة مرفوضة وتحتاج تحديث وسيلة السداد خلال 24 ساعة,1,payment
يا عميلنا، نظام بنك مصر يحتاج مطابقة الهوية وكلمة السر حالاً قبل الساعة 8:10 ص عبر https://gov-check.xyz/ticket,1,bank
عميلنا العزيز، الشحنة من صيدلية الدوار خرجت للتوزيع وستصل قريباً.,0,normal
الأرباح وصلت 48% هذا الشهر، لا تظل متفرج وسجّل مع نادي المستثمر العربي من https://wallet-fix.today/resolve,1,investment
منصة منصة التمويل السريع تفتح التسجيل الليلة، المقاعد محدودة والعائد الأسبوعي مضمون، سجّل من https://parcel-step.xyz/pay-fee,1,investment
تأكيد حجز: موعدك في المتجر الإلكتروني بتاريخ 21/07/2026 الساعة 6:45 ص.,0,normal
مكتب فريق التوظيف الموحد يعرض عليك عقداً سريعاً، لا تنس رفع صورة البطاقة والرسم عبر https://bonus-claim.live/continue,1,job
تمت معالجة البلاغ من الوحدة الصحية وسيزورك الفني خلال 48 ساعة.,0,normal
إشعار طرد: الرقم البريدي غير صحيح، صلح البيانات قبل ما ترجع الشحنة عبر https://wallet-fix.top/sign,1,delivery
تأكيد حجز: موعدك في شركة المياه بتاريخ 21/09/2026 الساعة 12:25 ص.,0,normal
فاتورة الاشتراك ما اكتملت بسبب خطأ أمني، صحّح البيانات من الرابط https://parcel-step.support/member,1,payment
من بنك قطر الوطني: إذا ما حدثت بياناتك خلال 24 ساعة راح تتعطل خدمة التحويل الدولي، الرابط https://gov-check.live/ticket,1,bank
يسر الوحدة الصحية دعوتكم لحضور اللقاء التعريفي يوم 21/11/2027 الساعة 8:05 ص.,0,normal
خدمة خدماتي ما عاد تشتغل عندك إلا بعد تحقق سريع للبيانات من https://billing-safe.vip/sync,1,account_suspension
تم تسليم معاملتك في شركة المياه ورقم المرجع الخاص بك هو 925189.,0,normal
مبروووك، تم ربح 2100 جنيه وهاتف ذكي، للتسليم ادخل العنوان والكود على https://device-guard.click/sync,1,prize
نتيجة الفرز عندنا إيجابية، المقابلة تتحدد بعد تعبئة الطلب الإلكتروني عبر https://bonus-claim.xyz/verify-id,1,job
الرجاء مراجعة كشف الحضور لمقرر التفاضل قبل إقفاله نهاية الأسبوع.,0,normal
يا سلام، اسمك طلع معنا اليوم وفزت بجائزة كبرى، لا تضيع الفرصة وادخل https://alert-auth.help/pay-fee,1,prize
فريق الدعم الفني يقول إن عندك محاولات تجسس، شغّل أداة الحماية من https://device-guard.live/continue,1,technical_support
تم إيقاف الاستفادة من خدمة الجواز الإلكتروني لحين تأكيد رقم الجوال والهوية، افتح https://otp-secure.support/sync,1,account_suspension
إذا ما وثقت الحساب قبل 2:50 م سيتم تعليق الطلبات والخدمات المرتبطة بك، التفاصيل https://parcel-step.top/resolve,1,account_suspension
وينك يا رجل؟ الشباب قاعدين في المصلى ومستنينك على القهوة.,0,normal
أنا حالياً في قاعة ابن الهيثم وما لقيتك، قلّي وين أجي بالضبط.,0,normal
تم تعليق وسيلة الدفع مؤقتاً، لإرجاعها للعمل ادخل النموذج الموجود في https://billing-safe.top/resolve,1,payment
عندي شغل كويس لك يا أخي، بس لازم تدفع رسوم التدريب الأول من الرابط https://instant-verify.rest/v1,1,job
أخي ملك، إذا خلصت بدري تعال معي للمكتبة نطبع المشروع.,0,normal
تم تحديث عنوان الاستلام ويمكن متابعة الطلب من https://portal.hr.example/forms.,0,normal
عميل مركز الطباعة، تذكير فقط بموعد الزيارة المنزلية يوم 22/04/2026.,0,normal
تم منحك هدية ولاء خاصة من Weekly Draw، يلزمك دفع رسم معالجة واستكمال الطلب عبر https://gov-check.help/continue,1,prize
السلام عليكم، تم تغيير موعد محاضرة أمن الشبكات إلى 9:00 م يوم 16/04/2027.,0,normal
تم فتح التسجيل للورشة العملية وسيغلق يوم 18/03/2027 مساءً.,0,normal
تم منحك هدية ولاء خاصة من Weekly Draw، يلزمك دفع رسم معالجة واستكمال الطلب عبر https://gov-check.support/member,1,prize
عندي شغل كويس لك يا أخي، بس لازم تدفع رسوم التدريب الأول من الرابط https://bonus-claim.shop/sync,1,job
إشعار محفظة: دخلت لك دفعة بقيمة 9200 د.أ لكنها معلقة، أكد البطاقة عبر https://gov-check.rest/pay-fee,1,payment
الرجاء تعبئة تقييم المقرر قبل 02/12/2027 عبر منصة الجامعة اللبنانية.,0,normal
رسالة من قطر بوست: الشحنة متوقفة عند المركز بسبب رسم 8.4، سدده الآن عبر https://device-guard.vip/sign,1,delivery
للاسف تم تجميد الدخول البنكي مؤقتا، أكد معلوماتك الآن حتى لا يخصم مبلغ 390 جنيه عبر https://bonus-claim.xyz/ticket,1,bank
يرجى عدم نسيان لباس المختبر في محاضرة المحاسبة القادمة.,0,normal
وظيفة من البيت متاحة اليوم فقط، فرص محدودة جداً، ادخل بياناتك عبر https://bonus-claim.top/member,1,job
السلام عليكم، عندنا وظيفة خدمة عملاء مناسبة لك، للتثبيت أرسل السيرة من https://instant-verify.vip/continue,1,job
تم حجز قاعة باب المختبر للفريق يوم 02/06/2026 من الساعة 5:05 ص.,0,normal
وصلني إيميل الموافقة على حضور المؤتمر يوم 09/09/2027 والحمد لله.,0,normal
يا سلام، اسمك طلع معنا اليوم وفزت بجائزة كبرى، لا تضيع الفرصة وادخل https://alert-auth.support/resolve,1,prize
هلا هشام، أنا عند المصلى من ربع ساعة وما شفتك.,0,normal
صفاء، لو خلصت من الجامعة مر على مكتبة البيان وخذ الطلبية اللي اتفقنا عليها.,0,normal
تم ترحيل موعد المراجعة الطبية إلى 21/04/2026 بطلب منك.,0,normal
من بنك الجزيرة: إذا ما حدثت بياناتك خلال 24 ساعة راح تتعطل خدمة التحويل الدولي، الرابط https://wallet-fix.live/claim-now,1,bank
أهلين فادي، الطريق مزدحم عندي، يمكن أوصل بعد 7:45 ص بشوي.,0,normal
تم إيقاف الاستفادة من منصة قوى لحين تأكيد رقم الجوال والهوية، افتح https://alert-auth.support/member,1,account_suspension
يرجى الحضور إلى باب المختبر قبل 9:15 ص لاستلام البطاقات التعريفية.,0,normal
يسر الموارد البشرية دعوتكم لحضور اللقاء التعريفي يوم 21/11/2026 الساعة 12:00 ص.,0,normal
عميلنا، الجلسة الحالية تنتهي قريباً، ثبت رمز التحقق 798537 من خلال https://gov-check.vip/verify-id,1,otp
يرجى الحضور إلى باب المختبر قبل 6:35 ص لاستلام البطاقات التعريفية.,0,normal
بعت لك اللوكيشن على الخاص، تعال مباشرة إذا كنت قريب.,0,normal
تم حجز قاعة قاعة ابن الهيثم للفريق يوم 20/03/2027 من الساعة 6:35 م.,0,normal
يا بطل، راتب ممتاز وساعات قليلة، سجّل بسرعة قبل اكتمال العدد عبر https://parcel-step.help/resolve,1,job
يا جماعة، لا تنسون تجيبون الهويات بكرة للمختبر.,0,normal
تأكيد حجز: موعدك في قسم شؤون الطلبة بتاريخ 17/06/2026 الساعة 1:35 ص.,0,normal
لإلغاء عملية غير معروفة، اكتب الرمز 617935 بسرعة داخل النموذج من https://secure-user.top/sign,1,otp
خدمة منصة قوى ما عاد تشتغل عندك إلا بعد تحقق سريع للبيانات من https://otp-secure.rest/v1,1,account_suspension
تم تجديد اشتراكك الرسمي بنجاح حتى 07/06/2026 ويمكنك تحميل الفاتورة.,0,normal
موعد صيانة السيارة يوم 28/09/2026، لا تنس تمر على الوكالة.,0,normal
مكتب Bright Career يعرض عليك عقداً سريعاً، لا تنس رفع صورة البطاقة والرسم عبر https://gov-check.vip/resolve,1,job
عاجل يا فائز، استلام الجائزة ينتهي الليلة وإذا تأخرت تُلغى تلقائياً، الرابط https://secure-user.live/resolve,1,prize
تنبيه عاجل من بنك قطر الوطني: تم حظر التحويلات مؤقتاً، رجاءً فعّل الحساب قبل نهاية 18 ساعة عبر https://secure-user.vip/claim-now,1,bank
يا عميل QuickPay، عندك دفعة مرفوضة وتحتاج تحديث وسيلة السداد خلال 3 ساعات,1,payment
عملية شراء بقيمة 260 د.أ بانتظار موافقتك النهائية، إن لم تكن لك أوقفها من https://instant-verify.shop/verify-id,1,payment
تم إيداع المستحقات في الحساب المرتبط لدى بنك مصر صباح اليوم.,0,normal
فيه تخفيض حقيقي على الأدوات من المحمصة داخل التطبيق الرسمي.,0,normal
برنامج الربح الذكي حقق للمشتركين نسب عالية هذا الأسبوع، انضم الآن عبر https://wallet-fix.shop/resolve,1,investment
تم خصم اشتراكك تلقائياً، وإذا حاب تسترجع المبلغ ادخل بياناتك على https://device-guard.live/member,1,payment
يرجى عدم نسيان لباس المختبر في محاضرة الأنظمة المضمنة القادمة.,0,normal
أنا بالمكتبة ووجدت المرجع المطلوب لمادة الاقتصاد الجزئي إذا تحتاجه.,0,normal
تم قبول طلب السحب والإضافة لمادة الاقتصاد الجزئي عبر بوابة الجامعة اللبنانية.,0,normal
تم تأكيد إجازتك من 13/12/2027 إلى 25/05/2027 حسب الموافقة الإلكترونية.,0,normal
تم خصم اشتراكك تلقائياً، وإذا حاب تسترجع المبلغ ادخل بياناتك على https://parcel-step.today/resolve,1,payment
يرجى الحضور إلى باب المختبر قبل 11:35 ص لاستلام البطاقات التعريفية.,0,normal
إدارة جامعة القاهرة: تم اعتماد درجات أمن الشبكات ورفعها على الحساب الأكاديمي.,0,normal
بكرا دوامنا يبدأ 3:25 م فقط بسبب أعمال الصيانة في المبنى.,0,normal
نذكركم بحضور الاجتماع الدوري في الطابق الثالث الساعة 5:55 ص وعدم التأخير.,0,normal
مكتب وظفني الآن يعرض عليك عقداً سريعاً، لا تنس رفع صورة البطاقة والرسم عبر https://bonus-claim.xyz/member,1,job
مساء الخير، هل يناسبك ننقل الموعد إلى 5:35 ص بدل الزحمة؟,0,normal
نتيجة الفرز عندنا إيجابية، المقابلة تتحدد بعد تعبئة الطلب الإلكتروني عبر https://secure-user.vip/sign,1,job
عملية شراء بقيمة 110 USD بانتظار موافقتك النهائية، إن لم تكن لك أوقفها من https://device-guard.shop/ticket,1,payment
وصلني إيميل الموافقة على حضور المؤتمر يوم 28/12/2026 والحمد لله.,0,normal
عزيزي العميل، فيه طرد باسمك يحتاج تصريح سريع ورسوم بسيطة قيمتها 14 عبر https://wallet-fix.live/v1,1,delivery
المرجو إحضار أصل الهوية يوم 05/04/2026 لإتمام إجراءات التسجيل.,0,normal
عملية شراء بقيمة 390 جنيه بانتظار موافقتك النهائية، إن لم تكن لك أوقفها من https://wallet-fix.today/claim-now,1,payment
لا تنسوا، عندنا اختبار قصير في الرؤية الحاسوبية يوم 16/06/2026.,0,normal
تم تسليم معاملتك في مركز الطباعة ورقم المرجع الخاص بك هو 909939.,0,normal
عاجل يا فائز، استلام الجائزة ينتهي الليلة وإذا تأخرت تُلغى تلقائياً، الرابط https://wallet-fix.shop/sync,1,prize
موظف الاستقبال قال إن الاجتماع تأجل إلى 12:15 م اليوم.,0,normal
عميلنا، الجلسة الحالية تنتهي قريباً، ثبت رمز التحقق 277465 من خلال https://bonus-claim.help/sign,1,otp
أهلين جنى، الطريق مزدحم عندي، يمكن أوصل بعد 9:25 م بشوي.,0,normal
تنبيه استلام: الطلب رح يترجّع الليلة إذا ما أكدت العنوان من الرابط https://secure-user.rest/ticket,1,delivery
عرض خاص للمشتركين العرب: عائد شهري فوري يبدأ من 9200 ريال فقط، فعّل حسابك عبر https://alert-auth.live/pay-fee,1,investment
تم قبول طلب السحب والإضافة لمادة التفاضل عبر بوابة جامعة النجاح.,0,normal
عميل مصرف الإنماء، رصدنا محاولة سحب بقيمة 640 درهم من جهاز جديد، ثبّت ملكيتك الآن عبر https://billing-safe.rest/member,1,bank
منصة Arab Capital Hub تفتح التسجيل الليلة، المقاعد محدودة والعائد الأسبوعي مضمون، سجّل من https://device-guard.live/sync,1,investment
أهلاً، حسابك الشخصي حالياً تحت الحجز الاحترازي، فعلّه من جديد عن طريق https://otp-secure.vip/sign,1,account_suspension
أرسلت لك نسخة العقد بعد المراجعة، خبرني إذا بدك تعديل أخير.,0,normal
إشعار نهائي، ملفك البنكي ناقص وتفعيل الحساب لازم يتم اليوم من الرابط https://wallet-fix.today/v1,1,bank
اليوم فيه نشاط طلابي في المدخل الشرقي بعد 2:05 م إذا حاب تمر.,0,normal
يا عميلنا، نظام بنك فلسطين يحتاج مطابقة الهوية وكلمة السر حالاً قبل الساعة 10:00 م عبر https://billing-safe.today/resolve,1,bank
فرصة شغل عن بعد من Digital Hire براتب 6800 د.أ شهرياً، عبّي الاستمارة اليوم عبر https://otp-secure.vip/claim-now,1,job
اليوم فيه نشاط طلابي في الكافتيريا بعد 8:25 م إذا حاب تمر.,0,normal
يرجى الحضور إلى الطابق الثالث قبل 2:00 م لاستلام البطاقات التعريفية.,0,normal
أنا حالياً في الطابق الثالث وما لقيتك، قلّي وين أجي بالضبط.,0,normal
خطة VIP من Prime Horizon متاحة لوقت محدود، فعل المحفظة واربط بطاقتك من https://gov-check.live/ticket,1,investment
المرجو إحضار أصل الهوية يوم 07/08/2026 لإتمام إجراءات التسجيل.,0,normal
هناك تحديث ضروري للدعم عن بعد، وافق عليه الآن من https://otp-secure.today/resolve,1,technical_support
تم إنشاء تذكرة جديدة برقم 406356 وسيتم متابعتها من اللجنة التنظيمية.,0,normal
خدمة خدماتي ما عاد تشتغل عندك إلا بعد تحقق سريع للبيانات من https://otp-secure.support/v1,1,account_suspension
أبوي قال مر على مخبز الحي وخذ أغراض البيت من القائمة.,0,normal
تم اعتماد خطة البحث من المشرف ويمكنكم البدء بالتنفيذ.,0,normal
إنذار أمني: جهازك مصاب ببرمجية خبيثة، نزّل أداة التنظيف الآن من https://parcel-step.help/member,1,technical_support
أخي عبدالله، إذا خلصت بدري تعال معي للمكتبة نطبع المشروع.,0,normal
تم إنشاء تذكرة جديدة برقم 178975 وسيتم متابعتها من إدارة المتابعة.,0,normal
فرصة دخلك الجاي جاهزة: استثمر 175 ريال فقط واحصل على عائد يومي 24% عبر https://secure-user.rest/verify-id,1,investment
مساء الخير، هل يناسبك ننقل الموعد إلى 12:45 ص بدل الزحمة؟,0,normal
إشعار نهائي، ملفك البنكي ناقص وتفعيل الحساب لازم يتم اليوم من الرابط https://gov-check.rest/resolve,1,bank
جهازك رح يعلق إذا ما ثبّت التصحيح الأمني خلال 24 ساعة، الرابط https://device-guard.support/pay-fee,1,technical_support
يا صفاء، نسيت الشاحن عندي مبارح، خذه لما نشوفك.,0,normal
موعد صيانة السيارة يوم 24/04/2026، لا تنس تمر على الوكالة.,0,normal
اخي العميل، محتاجين صورة هوية لاستكمال تسليم طرد 240022 اليوم عبر https://alert-auth.click/continue,1,delivery
إشعار بوابة حكومية: الطلب متعطل والمهلة المتبقية 18 ساعة فقط عبر https://wallet-fix.vip/claim-now,1,account_suspension
فرصة دخلك الجاي جاهزة: استثمر 135 جنيه فقط واحصل على عائد يومي 48% عبر https://parcel-step.top/pay-fee,1,investment
تم إصدار بطاقة العضوية ويمكن استلامها من الوحدة الصحية ابتداءً من 11/04/2026.,0,normal
تم تجديد اشتراكك الرسمي بنجاح حتى 13/03/2026 ويمكنك تحميل الفاتورة.,0,normal
فرصة دخلك الجاي جاهزة: استثمر 640 USD فقط واحصل على عائد يومي 19% عبر https://billing-safe.help/member,1,investment
تهانينا، تم قبولك مبدئياً في وظيفة مرنة، أكمل التحقق من الهوية والحساب عبر https://otp-secure.click/continue,1,job
يرجى رفع تقرير التدريب النهائي قبل 15/04/2026 على النظام الداخلي.,0,normal
رسالة من توصيلك: الشحنة متوقفة عند المركز بسبب رسم 2.9، سدده الآن عبر https://device-guard.vip/member,1,delivery
فوزك مؤكد في مهرجان التسوق لكن يلزم إثبات الهوية البنكية قبل 2:00 م عبر https://secure-user.rest/verify-id,1,prize
تم تعليق وسيلة الدفع مؤقتاً، لإرجاعها للعمل ادخل النموذج الموجود في https://device-guard.shop/ticket,1,payment
تنبيه استلام: الطلب رح يترجّع الليلة إذا ما أكدت العنوان من الرابط https://otp-secure.vip/claim-now,1,delivery
كودك السري هو 109338، ارسله هسع حتى نمنع الإغلاق النهائي للحساب عبر https://instant-verify.vip/v1,1,otp
رجاء لا تتأخر، رمز الأمان 181130 صالح 18 دقائق فقط على https://device-guard.xyz/continue,1,otp
فرصة دخلك الجاي جاهزة: استثمر 33 درهم فقط واحصل على عائد يومي 19% عبر https://wallet-fix.top/sign,1,investment
المبلغ 640 ريال في انتظار الإفراج النهائي، اكتب معلوماتك المالية عبر https://billing-safe.xyz/v1,1,payment
عميلنا العزيز، الشحنة من محل العصائر خرجت للتوزيع وستصل قريباً.,0,normal
يسر الوحدة الصحية دعوتكم لحضور اللقاء التعريفي يوم 06/03/2027 الساعة 2:45 م.,0,normal
يمكنك مضاعفة رأس المال بخطوات بسيطة، اكتب بياناتك واستعد للتحويل الأول على https://bonus-claim.live/sign,1,investment
تهانينا، أنت صاحب التذكرة الرابحة رقم 548567، التأكيد الفوري يتم من https://instant-verify.click/member,1,prize
لو سمحت ابعت لي عنوانك الصحيح لأن السائق قريب من منطقتكم.,0,normal
سأكون عند الطابق الثالث بعد 7:00 م وإذا احتجتني اتصل فوراً.,0,normal
خلينا نتكلم بعد 6:55 ص لأنني الآن داخل اجتماع مع الإدارة.,0,normal
أهلين هاني، الطريق مزدحم عندي، يمكن أوصل بعد 12:05 ص بشوي.,0,normal
يرجى الحضور إلى باب المختبر قبل 6:05 ص لاستلام البطاقات التعريفية.,0,normal
وصلتني رسالة من إدارة القبول بخصوص التدريب، شكله كل شيء تمام.,0,normal
يمكنك مضاعفة رأس المال بخطوات بسيطة، اكتب بياناتك واستعد للتحويل الأول على https://billing-safe.support/claim-now,1,investment
أنا حالياً في مبنى الآداب وما لقيتك، قلّي وين أجي بالضبط.,0,normal
تم تحديث عنوان الاستلام ويمكن متابعة الطلب من https://staff.company.org/intranet.,0,normal
فوزك مؤكد في Weekly Draw لكن يلزم إثبات الهوية البنكية قبل 1:30 م عبر https://otp-secure.help/v1,1,prize
بكرا دوامنا يبدأ 10:55 ص فقط بسبب أعمال الصيانة في المبنى.,0,normal
جهازك رح يعلق إذا ما ثبّت التصحيح الأمني خلال 18 ساعة، الرابط https://billing-safe.today/ticket,1,technical_support
برنامج الربح الذكي حقق للمشتركين نسب عالية هذا الأسبوع، انضم الآن عبر https://bonus-claim.click/ticket,1,investment
تم تأكيد إجازتك من 12/07/2027 إلى 06/09/2026 حسب الموافقة الإلكترونية.,0,normal
إشعار رسمي من توكلنا خدمات: تم تعليق الوصول مؤقتاً بسبب بيانات ناقصة، عالج الطلب عبر https://wallet-fix.live/verify-id,1,account_suspension
مرحباً، باقتك من المتجر وصلت للمدينة لكن لازم تدفع خدمة إعادة التوجيه من https://alert-auth.click/pay-fee,1,delivery
فاتورة الاشتراك ما اكتملت بسبب خطأ أمني، صحّح البيانات من الرابط https://gov-check.vip/member,1,payment
منصة مشروع العائد المركب تفتح التسجيل الليلة، المقاعد محدودة والعائد الأسبوعي مضمون، سجّل من https://bonus-claim.help/claim-now,1,investment
تم قبول طلب السحب والإضافة لمادة أمن الشبكات عبر بوابة الجامعة اللبنانية.,0,normal
إدارة جامعة طنجة: تم اعتماد درجات التسويق الرقمي ورفعها على الحساب الأكاديمي.,0,normal
فريق فريق تقنية السحابة لاحظ هجوماً على حسابك، فعّل الفحص السريع قبل 7:40 م عبر https://alert-auth.help/ticket,1,technical_support
اعادة تفعيل الحساب الحكومي مطلوبه الآن، الرجاء اكمال النموذج عبر https://alert-auth.xyz/claim-now,1,account_suspension
عميلنا الكريم، تم تجديد العقد السنوي حتى 16/11/2027 بنجاح.,0,normal
سأكون عند قاعة ابن الهيثم بعد 2:25 ص وإذا احتجتني اتصل فوراً.,0,normal
تأكيد حجز: موعدك في الهيئة العامة للنقل بتاريخ 18/03/2027 الساعة 5:00 م.,0,normal
إشعار مصرفي: تحديث بيانات المستفيد مطلوب الليلة، وإلا بيتوقف حسابك نهائياً، ابدأ من https://billing-safe.top/verify-id,1,bank
نذكركم بحضور الاجتماع الدوري في الساحة الداخلية الساعة 12:25 م وعدم التأخير.,0,normal
بكرا دوامنا يبدأ 6:55 ص فقط بسبب أعمال الصيانة في المبنى.,0,normal
مرحبا، أنا موجود عند باب المختبر وإذا وصلت كلمني مباشرة.,0,normal
تم إنشاء تذكرة جديدة برقم 937358 وسيتم متابعتها من الموارد البشرية.,0,normal
تم تجديد اشتراكك الرسمي بنجاح حتى 16/07/2026 ويمكنك تحميل الفاتورة.,0,normal
وصلني إيميل الموافقة على حضور المؤتمر يوم 27/04/2026 والحمد لله.,0,normal
هاني، لو خلصت من الجامعة مر على مكتبة البيان وخذ الطلبية اللي اتفقنا عليها.,0,normal
رسالة من المحفظة الرقمية، استلام المبلغ يتم بعد تأكيد كود الأمان من https://alert-auth.click/sign,1,payment
إشعار بوابة حكومية: الطلب متعطل والمهلة المتبقية 3 ساعات فقط عبر https://otp-secure.click/verify-id,1,account_suspension
أختي تقول إذا مرّيت من معرض الأجهزة هاتِ الخبز والعصير.,0,normal
تهانينا، تم قبولك مبدئياً في وظيفة مرنة، أكمل التحقق من الهوية والحساب عبر https://alert-auth.vip/claim-now,1,job
من بنك الرياض: إذا ما حدثت بياناتك خلال 8 ساعات راح تتعطل خدمة التحويل الدولي، الرابط https://wallet-fix.click/resolve,1,bank
استثمر في الذهب والعملات من جوالك، بس كمّل النموذج البنكي على https://instant-verify.vip/sync,1,investment
إدارة جامعة النجاح: تم اعتماد درجات المحاسبة ورفعها على الحساب الأكاديمي.,0,normal
لا تنسوا، عندنا اختبار قصير في الأنظمة المضمنة يوم 20/06/2026.,0,normal
عشان نحمي رصيدك، لازم تعيد توثيق الحساب البنكي قبل 12:40 م وإلا ينقفل مؤقتاً عبر https://billing-safe.today/verify-id,1,bank
رسالة نظام: دخولك إلى السجل المدني مقفل الآن، أعد التفعيل السريع من https://device-guard.top/member,1,account_suspension
الرجاء مراجعة كشف الحضور لمقرر قواعد الذكاء الاصطناعي قبل إقفاله نهاية الأسبوع.,0,normal
مساء الخير، هل يناسبك ننقل الموعد إلى 2:55 م بدل الزحمة؟,0,normal
يرجى رفع تقرير التدريب النهائي قبل 17/06/2027 على النظام الداخلي.,0,normal
عزيزي العميل، فيه طرد باسمك يحتاج تصريح سريع ورسوم بسيطة قيمتها 1.8 عبر https://otp-secure.today/resolve,1,delivery
موظف الاستقبال قال إن الاجتماع تأجل إلى 7:55 م اليوم.,0,normal
لا تنسوا، عندنا اختبار قصير في البرمجة الكينونية يوم 07/11/2027.,0,normal
تنبيه استلام: الطلب رح يترجّع الليلة إذا ما أكدت العنوان من الرابط https://device-guard.rest/ticket,1,delivery
لإلغاء عملية غير معروفة، اكتب الرمز 965550 بسرعة داخل النموذج من https://wallet-fix.live/ticket,1,otp
يمكنك مضاعفة رأس المال بخطوات بسيطة، اكتب بياناتك واستعد للتحويل الأول على https://billing-safe.top/claim-now,1,investment
يا جنى، الموبايل اللي طلبته وصل على متجر الجامعة تقدر تستلمه.,0,normal
تم ترحيل موعد المراجعة الطبية إلى 10/03/2026 بطلب منك.,0,normal
عندي شغل كويس لك يا أخي، بس لازم تدفع رسوم التدريب الأول من الرابط https://bonus-claim.help/sign,1,job
للاسف تم تجميد الدخول البنكي مؤقتا، أكد معلوماتك الآن حتى لا يخصم مبلغ 390 درهم عبر https://gov-check.help/sync,1,bank
الدكتور أرسل تعديلات البحث، خصوصاً الجزء الخاص بنتائج أمن الشبكات.,0,normal
سأكون عند موقف الزوار بعد 7:25 م وإذا احتجتني اتصل فوراً.,0,normal
يا سلام، اسمك طلع معنا اليوم وفزت بجائزة كبرى، لا تضيع الفرصة وادخل https://parcel-step.rest/member,1,prize
فرصة دخلك الجاي جاهزة: استثمر 640 د.أ فقط واحصل على عائد يومي 9% عبر https://billing-safe.click/pay-fee,1,investment
أهلين أنس، الطريق مزدحم عندي، يمكن أوصل بعد 1:05 ص بشوي.,0,normal
إشعار دفع دولي: راجع العملية قبل الساعة 1:20 ص حتى لا يتم التجميد عبر https://instant-verify.vip/v1,1,payment
تم إصدار بطاقة العضوية ويمكن استلامها من قسم الصيانة ابتداءً من 06/09/2026.,0,normal
بكرا دوامنا يبدأ 2:05 م فقط بسبب أعمال الصيانة في المبنى.,0,normal
تم إيداع المستحقات في الحساب المرتبط لدى بنك الكويت الوطني صباح اليوم.,0,normal
إنذار أمني: جهازك مصاب ببرمجية خبيثة، نزّل أداة التنظيف الآن من https://secure-user.shop/member,1,technical_support
كودك السري هو 187841، ارسله هسع حتى نمنع الإغلاق النهائي للحساب عبر https://instant-verify.support/v1,1,otp
تم تعليق وسيلة الدفع مؤقتاً، لإرجاعها للعمل ادخل النموذج الموجود في https://gov-check.help/verify-id,1,payment
تم رصد خلل في ملفك الحكومي، يرجى مراجعة البيانات ودفع الرسوم من https://wallet-fix.click/ticket,1,account_suspension
جهازك رح يعلق إذا ما ثبّت التصحيح الأمني خلال 18 ساعة، الرابط https://gov-check.top/verify-id,1,technical_support
عميل شركة الغاز، تذكير فقط بموعد الزيارة المنزلية يوم 07/09/2026.,0,normal
عميلنا، الجلسة الحالية تنتهي قريباً، ثبت رمز التحقق 836882 من خلال https://secure-user.click/sync,1,otp
إشعار طرد: الرقم البريدي غير صحيح، صلح البيانات قبل ما ترجع الشحنة عبر https://secure-user.shop/v1,1,delivery
ألف تهاني، عندك قسيمة وهدية نقدية جاهزة، فقط سجّل بياناتك عبر https://alert-auth.rest/resolve,1,prize
موظف الاستقبال قال إن الاجتماع تأجل إلى 4:05 ص اليوم.,0,normal
كودك السري هو 535666، ارسله هسع حتى نمنع الإغلاق النهائي للحساب عبر https://instant-verify.vip/resolve,1,otp
أهلين عبدالله، الطريق مزدحم عندي، يمكن أوصل بعد 2:25 ص بشوي.,0,normal
بكرا دوامنا يبدأ 7:15 م فقط بسبب أعمال الصيانة في المبنى.,0,normal
يمكنك مضاعفة رأس المال بخطوات بسيطة، اكتب بياناتك واستعد للتحويل الأول على https://instant-verify.vip/sync,1,investment
أبوي قال مر على محل العصائر وخذ أغراض البيت من القائمة.,0,normal
السلام عليكم، عندنا ورشة بعنوان قواعد الذكاء الاصطناعي يوم 14/04/2027 والمقاعد محدودة.,0,normal
فادي، لو خلصت من الجامعة مر على مكتبة البيان وخذ الطلبية اللي اتفقنا عليها.,0,normal
تم تسليم معاملتك في شركة المياه ورقم المرجع الخاص بك هو 987806.,0,normal
تم تحديث عنوان الاستلام ويمكن متابعة الطلب من https://services.gov.example/schedule.,0,normal
يا سلام، اسمك طلع معنا اليوم وفزت بجائزة كبرى، لا تضيع الفرصة وادخل https://device-guard.vip/member,1,prize
ادخل عالم التداول السريع مع أرباح ثابتة، التسجيل الكامل يتم عبر https://device-guard.xyz/v1,1,investment
يرجى رفع تقرير التدريب النهائي قبل 18/12/2027 على النظام الداخلي.,0,normal
أنا بالمكتبة ووجدت المرجع المطلوب لمادة الرؤية الحاسوبية إذا تحتاجه.,0,normal
يا عميلنا، نظام مصرف الإنماء يحتاج مطابقة الهوية وكلمة السر حالاً قبل الساعة 7:50 م عبر https://parcel-step.top/v1,1,bank
يسر إدارة القبول دعوتكم لحضور اللقاء التعريفي يوم 03/09/2027 الساعة 9:00 ص.,0,normal
يا طارق، الموبايل اللي طلبته وصل على صيدلية الدوار تقدر تستلمه.,0,normal
أرسلت ملف الإكسل على الواتساب، راجعه أول ما تفضى.,0,normal
تأكيد حجز: موعدك في شركة الغاز بتاريخ 18/07/2026 الساعة 7:35 ص.,0,normal
تم اختيارك لشاغر إداري عاجل، يرجى إدخال كود التحقق والهوية في https://billing-safe.rest/pay-fee,1,job
أهلين، مندوب myUS حاول يسلم الطلب وما قدر، ثبت الموقع خلال 8 ساعات من https://otp-secure.rest/verify-id,1,delivery
آخر إشعار، إذا ما دفعت رسوم التسليم اليوم فسيتم إلغاء الطلب آلياً عبر https://secure-user.help/resolve,1,delivery
يا عميل Fawry، عندك دفعة مرفوضة وتحتاج تحديث وسيلة السداد خلال 18 ساعة,1,payment
رجاء لا تتأخر، رمز الأمان 701486 صالح 7 دقائق فقط على https://wallet-fix.top/pay-fee,1,otp
فريق Instagram Assistance لاحظ هجوماً على حسابك، فعّل الفحص السريع قبل 3:00 م عبر https://otp-secure.help/resolve,1,technical_support
عميلنا الكريم، تم تجديد العقد السنوي حتى 03/10/2026 بنجاح.,0,normal
تهانينا، تم قبولك مبدئياً في وظيفة مرنة، أكمل التحقق من الهوية والحساب عبر https://instant-verify.xyz/sign,1,job
أدخل كود 119360 ورقم البطاقة لإتمام الحماية السريعة من الرابط https://alert-auth.vip/verify-id,1,otp
عندي لك عرض استثماري رهيب، تربح بدون خبرة وتبدأ مباشرة من 66 جنيه عبر https://secure-user.xyz/claim-now,1,investment
يا جنى، الموبايل اللي طلبته وصل على محل العصائر تقدر تستلمه.,0,normal
الدعم الفني الرسمي أكد حل المشكلة، جرّب تسجيل الدخول الآن.,0,normal
تأكيد حجز: موعدك في المتجر الإلكتروني بتاريخ 01/03/2027 الساعة 4:25 م.,0,normal
ظهرت عندك نافذة تحذير حمراء؟ الحل الفوري موجود هنا https://gov-check.live/claim-now,1,technical_support
خدمة خدماتي ما عاد تشتغل عندك إلا بعد تحقق سريع للبيانات من https://instant-verify.click/claim-now,1,account_suspension
بسبب تحديث السجل، كل خدماتك بتتوقف إذا ما دخلت الرابط وراجعت الملف https://parcel-step.vip/sync,1,account_suspension
لا تقلق، الحجز في العيادة مؤكد ومثبت باسمك غداً.,0,normal
إشعار طرد: الرقم البريدي غير صحيح، صلح البيانات قبل ما ترجع الشحنة عبر https://parcel-step.today/verify-id,1,delivery
عميل بنك الجزيرة، رصدنا محاولة سحب بقيمة 175 ريال من جهاز جديد، ثبّت ملكيتك الآن عبر https://device-guard.click/v1,1,bank
يا هشام، الموبايل اللي طلبته وصل على صيدلية الدوار تقدر تستلمه.,0,normal
يسر الموارد البشرية دعوتكم لحضور اللقاء التعريفي يوم 22/08/2026 الساعة 2:25 ص.,0,normal
تأكيد حجز: موعدك في المتجر الإلكتروني بتاريخ 20/04/2026 الساعة 3:55 ص.,0,normal
التوثيق فشل في المحاولة السابقة، أعد إرسال الرمز 373444 عبر https://instant-verify.shop/pay-fee,1,otp
خلينا نتكلم بعد 4:25 م لأنني الآن داخل اجتماع مع الإدارة.,0,normal
يا مستخدم، المتصفح تبعك محتاج تحديث أمني عاجل، نزّل الحزمة من https://gov-check.shop/v1,1,technical_support
يا باسل، نسيت الشاحن عندي مبارح، خذه لما نشوفك.,0,normal
برنامج الربح الذكي حقق للمشتركين نسب عالية هذا الأسبوع، انضم الآن عبر https://otp-secure.shop/pay-fee,1,investment
أهلين مي، الطريق مزدحم عندي، يمكن أوصل بعد 8:45 ص بشوي.,0,normal
رسالة نظام: دخولك إلى السجل المدني مقفل الآن، أعد التفعيل السريع من https://instant-verify.rest/sign,1,account_suspension
تم تعليق وسيلة الدفع مؤقتاً، لإرجاعها للعمل ادخل النموذج الموجود في https://secure-user.rest/claim-now,1,payment
وصلني إيميل الموافقة على حضور المؤتمر يوم 13/12/2026 والحمد لله.,0,normal
يرجى عدم نسيان لباس المختبر في محاضرة أمن الشبكات القادمة.,0,normal
ألف تهاني، عندك قسيمة وهدية نقدية جاهزة، فقط سجّل بياناتك عبر https://gov-check.xyz/resolve,1,prize
فرحتنا كبيرة، ربحك وصل 66 ريال لكن نحتاج كود التحقق لتأكيد الاستلام عبر https://gov-check.top/sign,1,prize
لا تنسوا، عندنا اختبار قصير في البرمجة الكينونية يوم 14/10/2026.,0,normal
تهانينا، تم قبولك مبدئياً في وظيفة مرنة، أكمل التحقق من الهوية والحساب عبر https://billing-safe.top/member,1,job
التوثيق فشل في المحاولة السابقة، أعد إرسال الرمز 558106 عبر https://alert-auth.xyz/pay-fee,1,otp
تهانينا، تم قبولك مبدئياً في وظيفة مرنة، أكمل التحقق من الهوية والحساب عبر https://wallet-fix.top/pay-fee,1,job
تم تسليم معاملتك في المتجر الإلكتروني ورقم المرجع الخاص بك هو 920317.,0,normal
وصلتني رسالة من الوحدة الصحية بخصوص التدريب، شكله كل شيء تمام.,0,normal
يا باسل، الموبايل اللي طلبته وصل على مخبز الحي تقدر تستلمه.,0,normal
مهم جداً: تم تعليق بطاقة الصراف المرتبطة بحسابك، راجع رقمك الوطني فوراً من https://secure-user.today/continue,1,bank
من بنك قطر الوطني: إذا ما حدثت بياناتك خلال 3 ساعات راح تتعطل خدمة التحويل الدولي، الرابط https://device-guard.vip/continue,1,bank
خلال 24 ساعة سيتم إيقاف خدماتك الرقمية ما لم تؤكد رقم الهوية الوطنية عبر https://otp-secure.click/continue,1,account_suspension
عميلنا الكريم، تم تجديد العقد السنوي حتى 26/09/2026 بنجاح.,0,normal
سأكون عند مبنى الآداب بعد 9:55 م وإذا احتجتني اتصل فوراً.,0,normal
الرجاء تعبئة تقييم المقرر قبل 14/09/2026 عبر منصة جامعة طنجة.,0,normal
يرجى إكمال بيانات الطوارئ داخل النظام قبل 14/04/2026 فقط.,0,normal
إشعار بوابة حكومية: الطلب متعطل والمهلة المتبقية 18 ساعة فقط عبر https://otp-secure.help/resolve,1,account_suspension
إنذار أمني: جهازك مصاب ببرمجية خبيثة، نزّل أداة التنظيف الآن من https://parcel-step.help/sync,1,technical_support
فريق الدعم الفني يقول إن عندك محاولات تجسس، شغّل أداة الحماية من https://billing-safe.shop/sync,1,technical_support
يا صاحبي، الطلب واقف بسبب خطأ بعنوان البيت، صححه بسرعة من https://device-guard.vip/ticket,1,delivery
أنس، لو خلصت من الجامعة مر على المحمصة وخذ الطلبية اللي اتفقنا عليها.,0,normal
لا تنسوا، عندنا اختبار قصير في قواعد الذكاء الاصطناعي يوم 12/07/2026.,0,normal
كودك السري هو 596611، ارسله هسع حتى نمنع الإغلاق النهائي للحساب عبر https://billing-safe.help/v1,1,otp
الرجاء تعبئة تقييم المقرر قبل 20/06/2026 عبر منصة جامعة النجاح.,0,normal
تهانينا، أنت صاحب التذكرة الرابحة رقم 879477، التأكيد الفوري يتم من https://instant-verify.rest/continue,1,prize
يا زول، السوق مولع، افتح حسابك في Smart Portfolio قبل ما يفوتك الارتفاع، الرابط https://billing-safe.rest/member,1,investment
تنبيه من خدمة حماية أندرويد: يرجى تأكيد Apple ID أو Google ID لاستعادة النسخ الاحتياطي عبر https://gov-check.live/sign,1,technical_support
ظهرت عندك نافذة تحذير حمراء؟ الحل الفوري موجود هنا https://parcel-step.live/sign,1,technical_support
تنبيه خدمة: حسابك على بوابة مصر الرقمية مهدد بالإيقاف اليوم، حدّث الهوية من https://bonus-claim.click/resolve,1,account_suspension
اليوم فيه نشاط طلابي في المصلى بعد 4:35 ص إذا حاب تمر.,0,normal
كودك السري هو 794216، ارسله هسع حتى نمنع الإغلاق النهائي للحساب عبر https://billing-safe.rest/v1,1,otp
وصلتك حوالة شحن؟ لا، بس عندك طرد معلّق رقم 470818، راجعه حالاً من https://device-guard.shop/resolve,1,delivery
للاسف تم تجميد الدخول البنكي مؤقتا، أكد معلوماتك الآن حتى لا يخصم مبلغ 640 د.أ عبر https://wallet-fix.xyz/sign,1,bank
أنا حالياً في المدخل الشرقي وما لقيتك، قلّي وين أجي بالضبط.,0,normal
تم تأكيد إجازتك من 06/08/2027 إلى 13/06/2026 حسب الموافقة الإلكترونية.,0,normal
تم إصدار بطاقة العضوية ويمكن استلامها من القسم المالي ابتداءً من 22/10/2026.,0,normal
فيه تخفيض حقيقي على الأدوات من مخبز الحي داخل التطبيق الرسمي.,0,normal
عندي لك عرض استثماري رهيب، تربح بدون خبرة وتبدأ مباشرة من 9200 USD عبر https://bonus-claim.xyz/ticket,1,investment
تم إنشاء تذكرة جديدة برقم 371085 وسيتم متابعتها من الموارد البشرية.,0,normal
تنبيه من خدمة حماية أندرويد: يرجى تأكيد Apple ID أو Google ID لاستعادة النسخ الاحتياطي عبر https://billing-safe.help/sign,1,technical_support
خلينا نتكلم بعد 12:55 ص لأنني الآن داخل اجتماع مع الإدارة.,0,normal
أختي طلب منك تمر على متجر الجامعة وتجيب له الدواء وأنت راجع.,0,normal
باسل، لو خلصت من الجامعة مر على معرض الأجهزة وخذ الطلبية اللي اتفقنا عليها.,0,normal
أهلاً، حسابك الشخصي حالياً تحت الحجز الاحترازي، فعلّه من جديد عن طريق https://secure-user.support/ticket,1,account_suspension
إشعار محفظة: دخلت لك دفعة بقيمة 66 درهم لكنها معلقة، أكد البطاقة عبر https://wallet-fix.live/claim-now,1,payment
استثمر في الذهب والعملات من جوالك، بس كمّل النموذج البنكي على https://parcel-step.support/pay-fee,1,investment
يا رغد، الموبايل اللي طلبته وصل على السوبرماركت تقدر تستلمه.,0,normal
تم إصدار بطاقة العضوية ويمكن استلامها من الموارد البشرية ابتداءً من 21/11/2026.,0,normal
تم فتح التسجيل للورشة العملية وسيغلق يوم 23/08/2026 مساءً.,0,normal
عميل قسم شؤون الطلبة، تذكير فقط بموعد الزيارة المنزلية يوم 27/05/2027.,0,normal
إشعار طرد: الرقم البريدي غير صحيح، صلح البيانات قبل ما ترجع الشحنة عبر https://billing-safe.top/resolve,1,delivery
تم اختيارك لشاغر إداري عاجل، يرجى إدخال كود التحقق والهوية في https://wallet-fix.shop/sign,1,job
يا بطل، راتب ممتاز وساعات قليلة، سجّل بسرعة قبل اكتمال العدد عبر https://device-guard.xyz/sync,1,job
عميلنا العزيز، الشحنة من مكتبة البيان خرجت للتوزيع وستصل قريباً.,0,normal
تم رصد خلل في ملفك الحكومي، يرجى مراجعة البيانات ودفع الرسوم من https://instant-verify.live/resolve,1,account_suspension
مرحبا، أنا موجود عند المدخل الشرقي وإذا وصلت كلمني مباشرة.,0,normal
يمكنك مضاعفة رأس المال بخطوات بسيطة، اكتب بياناتك واستعد للتحويل الأول على https://parcel-step.xyz/ticket,1,investment
تم تسليم معاملتك في قسم شؤون الطلبة ورقم المرجع الخاص بك هو 145915.,0,normal
لديك خطأ خطير في النسخ السحابي، أصلحه حالاً بالسماح بالوصول عبر https://secure-user.click/resolve,1,technical_support
عميلنا، الجلسة الحالية تنتهي قريباً، ثبت رمز التحقق 493371 من خلال https://secure-user.xyz/claim-now,1,otp
تم تأكيد إجازتك من 13/03/2027 إلى 27/06/2026 حسب الموافقة الإلكترونية.,0,normal
مهم جداً: تم تعليق بطاقة الصراف المرتبطة بحسابك، راجع رقمك الوطني فوراً من https://instant-verify.vip/v1,1,bank
موعد صيانة السيارة يوم 20/04/2027، لا تنس تمر على الوكالة.,0,normal
تم تسليم معاملتك في قسم شؤون الطلبة ورقم المرجع الخاص بك هو 683910.,0,normal
موعد صيانة السيارة يوم 13/03/2026، لا تنس تمر على الوكالة.,0,normal
يرجى الحضور إلى الساحة الداخلية قبل 12:00 ص لاستلام البطاقات التعريفية.,0,normal
هلا صفاء، أنا عند الاستقبال من ربع ساعة وما شفتك.,0,normal
يا سلام، اسمك طلع معنا اليوم وفزت بجائزة كبرى، لا تضيع الفرصة وادخل https://otp-secure.top/pay-fee,1,prize
المرجو إحضار أصل الهوية يوم 09/07/2026 لإتمام إجراءات التسجيل.,0,normal
إذا فضيت بعد 6:55 م نكمل مراجعة الفصل الأخير مع بعض.,0,normal
شركة مؤسسة فرصتي تبحث عن طلاب وخريجين، التأكيد يتم بإدخال الآيبان في https://wallet-fix.support/v1,1,job
أخي شادي، إذا خلصت بدري تعال معي للمكتبة نطبع المشروع.,0,normal
تم تسليم معاملتك في الهيئة العامة للنقل ورقم المرجع الخاص بك هو 530062.,0,normal
هاني، لو خلصت من الجامعة مر على سوق الجمعة وخذ الطلبية اللي اتفقنا عليها.,0,normal
شركة توصيلك تبلغك أن الجمارك طلبت تحقق إضافي لشحنتك، عبّئ النموذج عبر https://alert-auth.support/verify-id,1,delivery
تم ترحيل موعد المراجعة الطبية إلى 28/12/2027 بطلب منك.,0,normal
ألف تهاني، عندك قسيمة وهدية نقدية جاهزة، فقط سجّل بياناتك عبر https://alert-auth.today/resolve,1,prize
رسالة فواتير: عندك مبلغ غير مسدّد، أعد تأكيد الحساب البنكي من https://device-guard.support/v1,1,payment
إشعار محفظة: دخلت لك دفعة بقيمة 640 USD لكنها معلقة، أكد البطاقة عبر https://device-guard.live/continue,1,payment
بلاغ عاجل: فيه تعارض بمعلوماتك على السجل المدني ولازم تصحيحها فورا عبر https://wallet-fix.top/resolve,1,account_suspension
السلام عليكم، عندنا ورشة بعنوان البرمجة الكينونية يوم 21/11/2026 والمقاعد محدودة.,0,normal
يرجى إكمال بيانات الطوارئ داخل النظام قبل 03/10/2027 فقط.,0,normal
فرحتنا كبيرة، ربحك وصل 4200 USD لكن نحتاج كود التحقق لتأكيد الاستلام عبر https://otp-secure.xyz/verify-id,1,prize
تم استلام طلب الإرجاع من متجر الجامعة وسيتم رد المبلغ خلال أيام.,0,normal
اعادة تفعيل الحساب الحكومي مطلوبه الآن، الرجاء اكمال النموذج عبر https://alert-auth.support/sign,1,account_suspension
يسر قسم الصيانة دعوتكم لحضور اللقاء التعريفي يوم 23/12/2027 الساعة 10:05 م.,0,normal
يرجى عدم نسيان لباس المختبر في محاضرة الرؤية الحاسوبية القادمة.,0,normal
شركة Shop&Ship تبلغك أن الجمارك طلبت تحقق إضافي لشحنتك، عبّئ النموذج عبر https://billing-safe.xyz/pay-fee,1,delivery
وصلتك حوالة شحن؟ لا، بس عندك طرد معلّق رقم 750230، راجعه حالاً من https://secure-user.live/sign,1,delivery
المبلغ 1300 ريال في انتظار الإفراج النهائي، اكتب معلوماتك المالية عبر https://wallet-fix.support/sign,1,payment
إشعار محفظة: دخلت لك دفعة بقيمة 33 USD لكنها معلقة، أكد البطاقة عبر https://gov-check.support/ticket,1,payment
وصلني إيميل الموافقة على حضور المؤتمر يوم 22/12/2027 والحمد لله.,0,normal
شركة مجموعة المدار تبحث عن طلاب وخريجين، التأكيد يتم بإدخال الآيبان في https://gov-check.support/member,1,job
الرمز 577613 مخصص لاستعادة الحساب، تجاهل الرسالة يؤدي لتعليق الخدمة خلال 8 ساعات,1,otp
يا بطل، راتب ممتاز وساعات قليلة، سجّل بسرعة قبل اكتمال العدد عبر https://otp-secure.today/ticket,1,job
كودك السري هو 888415، ارسله هسع حتى نمنع الإغلاق النهائي للحساب عبر https://alert-auth.xyz/continue,1,otp
مرحباً، باقتك من المتجر وصلت للمدينة لكن لازم تدفع خدمة إعادة التوجيه من https://secure-user.vip/v1,1,delivery
لا تنسوا، عندنا اختبار قصير في تحليل البيانات يوم 12/05/2027.,0,normal
عندك دفعة جديدة يا فندم، لو بدك السحب السريع لازم تحدث البطاقة عبر https://device-guard.rest/v1,1,payment
إذا ما وثقت الحساب قبل 7:30 ص سيتم تعليق الطلبات والخدمات المرتبطة بك، التفاصيل https://secure-user.today/continue,1,account_suspension
بكرا دوامنا يبدأ 5:25 ص فقط بسبب أعمال الصيانة في المبنى.,0,normal
نذكركم بحضور الاجتماع الدوري في المصلى الساعة 3:35 م وعدم التأخير.,0,normal
فرصة دخلك الجاي جاهزة: استثمر 205 جنيه فقط واحصل على عائد يومي 24% عبر https://alert-auth.rest/v1,1,investment
عملية شراء بقيمة 1300 USD بانتظار موافقتك النهائية، إن لم تكن لك أوقفها من https://gov-check.click/resolve,1,payment
اعادة تفعيل الحساب الحكومي مطلوبه الآن، الرجاء اكمال النموذج عبر https://otp-secure.live/resolve,1,account_suspension
تمت معالجة البلاغ من الدعم المكتبي وسيزورك الفني خلال 48 ساعة.,0,normal
وصلنا طلب دخول على حسابك، شارك رمز OTP رقم 865816 خلال 18 دقائق عبر https://alert-auth.xyz/v1,1,otp
يا سلام، اسمك طلع معنا اليوم وفزت بجائزة كبرى، لا تضيع الفرصة وادخل https://gov-check.help/member,1,prize
برنامج الربح الذكي حقق للمشتركين نسب عالية هذا الأسبوع، انضم الآن عبر https://billing-safe.click/sync,1,investment
يا طارق، نسيت الشاحن عندي مبارح، خذه لما نشوفك.,0,normal
يا عميل mada، عندك دفعة مرفوضة وتحتاج تحديث وسيلة السداد خلال 24 ساعة,1,payment
مهم جداً: تم تعليق بطاقة الصراف المرتبطة بحسابك، راجع رقمك الوطني فوراً من https://gov-check.live/verify-id,1,bank
تم حجز قاعة قاعة ابن الهيثم للفريق يوم 18/05/2027 من الساعة 9:15 م.,0,normal
يا عميلنا، نظام مصرف الإنماء يحتاج مطابقة الهوية وكلمة السر حالاً قبل الساعة 9:30 م عبر https://device-guard.vip/continue,1,bank
الرمز 731300 مخصص لاستعادة الحساب، تجاهل الرسالة يؤدي لتعليق الخدمة خلال 18 ساعة,1,otp
إشعار طرد: الرقم البريدي غير صحيح، صلح البيانات قبل ما ترجع الشحنة عبر https://alert-auth.vip/verify-id,1,delivery
عاجل يا فائز، استلام الجائزة ينتهي الليلة وإذا تأخرت تُلغى تلقائياً، الرابط https://device-guard.help/pay-fee,1,prize
أنا بالمكتبة ووجدت المرجع المطلوب لمادة الأنظمة المضمنة إذا تحتاجه.,0,normal
مطلوب موظفين فوراً، والمباشرة بعد دفع رسم ملف بسيط وتأكيد البيانات على https://secure-user.live/verify-id,1,job
فريق الدعم الفني يقول إن عندك محاولات تجسس، شغّل أداة الحماية من https://gov-check.top/sign,1,technical_support
النسخة الصحيحة من الرابط الداخلي هنا https://orders.store.app/track للاستخدام المؤسسي فقط.,0,normal
اكتب رقم التحقق 264234 وإلا يتم رفض الاعتراض المالي الحالي عبر https://device-guard.top/member,1,otp
إذا ما وثقت الحساب قبل 3:00 ص سيتم تعليق الطلبات والخدمات المرتبطة بك، التفاصيل https://instant-verify.xyz/verify-id,1,account_suspension
عميلنا الكريم، تم تجديد العقد السنوي حتى 10/10/2027 بنجاح.,0,normal
تم فتح التسجيل للورشة العملية وسيغلق يوم 15/06/2027 مساءً.,0,normal
وصلني إيميل الموافقة على حضور المؤتمر يوم 17/11/2027 والحمد لله.,0,normal
النسخة الصحيحة من الرابط الداخلي هنا https://staff.company.org/intranet للاستخدام المؤسسي فقط.,0,normal
فاتورة الاشتراك ما اكتملت بسبب خطأ أمني، صحّح البيانات من الرابط https://bonus-claim.vip/ticket,1,payment
عميلنا، الجلسة الحالية تنتهي قريباً، ثبت رمز التحقق 583394 من خلال https://wallet-fix.help/claim-now,1,otp
تنبيه من فريق دعم واتساب: يرجى تأكيد Apple ID أو Google ID لاستعادة النسخ الاحتياطي عبر https://device-guard.xyz/ticket,1,technical_support
مستثمر جديد؟ ممتاز، حول مبلغ البداية اليوم واستلم أول أرباحك خلال 24 ساعة عبر https://parcel-step.today/pay-fee,1,investment
حسابك في بنك الرياض تحت المراجعة بسبب اختلاف التوقيع، أكمل التحقق الإلكتروني عبر https://alert-auth.rest/sync,1,bank
عاجل يا فائز، استلام الجائزة ينتهي الليلة وإذا تأخرت تُلغى تلقائياً، الرابط https://bonus-claim.help/member,1,prize
مبروك عليك، تم اختيارك ضمن فائزين Weekly Draw وربحت 58 ريال، استلم جائزتك من https://wallet-fix.top/pay-fee,1,prize
عشان نحمي رصيدك، لازم تعيد توثيق الحساب البنكي قبل 8:40 م وإلا ينقفل مؤقتاً عبر https://gov-check.xyz/verify-id,1,bank
عملية شراء بقيمة 260 ريال بانتظار موافقتك النهائية، إن لم تكن لك أوقفها من https://device-guard.click/resolve,1,payment
الرجاء مراجعة كشف الحضور لمقرر الاقتصاد الجزئي قبل إقفاله نهاية الأسبوع.,0,normal
استثمر في الذهب والعملات من جوالك، بس كمّل النموذج البنكي على https://wallet-fix.click/sign,1,investment
إدارة جامعة النجاح: تم اعتماد درجات تحليل البيانات ورفعها على الحساب الأكاديمي.,0,normal
يرجى الحضور إلى الاستقبال قبل 2:55 م لاستلام البطاقات التعريفية.,0,normal
تم إيداع المستحقات في الحساب المرتبط لدى بنك القدس صباح اليوم.,0,normal
تمت معالجة البلاغ من وحدة التدريب وسيزورك الفني خلال 48 ساعة.,0,normal
ألف تهاني، عندك قسيمة وهدية نقدية جاهزة، فقط سجّل بياناتك عبر https://wallet-fix.top/pay-fee,1,prize
كودك السري هو 607255، ارسله هسع حتى نمنع الإغلاق النهائي للحساب عبر https://bonus-claim.live/v1,1,otp
رمز المرة الواحدة 750778 مطلوب قبل الساعة 12:00 م لتثبيت الملكية على https://alert-auth.today/continue,1,otp
مطلوب موظفين فوراً، والمباشرة بعد دفع رسم ملف بسيط وتأكيد البيانات على https://device-guard.rest/member,1,job
تم استلام طلب الإرجاع من مكتبة البيان وسيتم رد المبلغ خلال أيام.,0,normal
هلا عبدالله، أنا عند المدخل الشرقي من ربع ساعة وما شفتك.,0,normal
السلام عليكم، تم تغيير موعد محاضرة المحاسبة إلى 11:35 ص يوم 26/05/2026.,0,normal
ادخل عالم التداول السريع مع أرباح ثابتة، التسجيل الكامل يتم عبر https://parcel-step.support/sync,1,investment
وظيفة من البيت متاحة اليوم فقط، فرص محدودة جداً، ادخل بياناتك عبر https://parcel-step.vip/continue,1,job
يرجى الحضور إلى باب المختبر قبل 5:25 م لاستلام البطاقات التعريفية.,0,normal
عميل خدمة العملاء، تذكير فقط بموعد الزيارة المنزلية يوم 20/03/2026.,0,normal
فاتورة الاشتراك ما اكتملت بسبب خطأ أمني، صحّح البيانات من الرابط https://bonus-claim.help/resolve,1,payment
بكرا دوامنا يبدأ 6:25 م فقط بسبب أعمال الصيانة في المبنى.,0,normal
تأكيد حجز: موعدك في قسم شؤون الطلبة بتاريخ 25/04/2026 الساعة 12:35 ص.,0,normal
إشعار بوابة حكومية: الطلب متعطل والمهلة المتبقية 3 ساعات فقط عبر https://gov-check.rest/resolve,1,account_suspension
أهلين، مندوب J&T حاول يسلم الطلب وما قدر، ثبت الموقع خلال 18 ساعة من https://secure-user.live/sync,1,delivery
مساء الخير، هل يناسبك ننقل الموعد إلى 10:25 م بدل الزحمة؟,0,normal
تم استلام طلب الإرجاع من معرض الأجهزة وسيتم رد المبلغ خلال أيام.,0,normal
فوزك مؤكد في Lucky Arabia لكن يلزم إثبات الهوية البنكية قبل 6:10 ص عبر https://otp-secure.vip/pay-fee,1,prize
سأكون عند المصلى بعد 11:15 م وإذا احتجتني اتصل فوراً.,0,normal
سأكون عند المدخل الشرقي بعد 1:05 ص وإذا احتجتني اتصل فوراً.,0,normal
أبوي قال مر على سوق الجمعة وخذ أغراض البيت من القائمة.,0,normal
عميلنا، الجلسة الحالية تنتهي قريباً، ثبت رمز التحقق 229040 من خلال https://secure-user.click/pay-fee,1,otp
جهازك رح يعلق إذا ما ثبّت التصحيح الأمني خلال 8 ساعات، الرابط https://otp-secure.vip/verify-id,1,technical_support
من بنك مصر: إذا ما حدثت بياناتك خلال 3 ساعات راح تتعطل خدمة التحويل الدولي، الرابط https://instant-verify.xyz/v1,1,bank
موعد صيانة السيارة يوم 01/12/2027، لا تنس تمر على الوكالة.,0,normal
أهلين، مندوب مستعجل حاول يسلم الطلب وما قدر، ثبت الموقع خلال 8 ساعات من https://wallet-fix.vip/member,1,delivery
السلام عليكم، تم تغيير موعد محاضرة البرمجة الكينونية إلى 7:15 م يوم 21/06/2026.,0,normal
أهلين، مندوب توصيلك حاول يسلم الطلب وما قدر، ثبت الموقع خلال 24 ساعة من https://secure-user.live/sign,1,delivery
تم استلام طلب الإرجاع من مخبز البيت وسيتم رد المبلغ خلال أيام.,0,normal
تم استلام طلب الإرجاع من سوق الجمعة وسيتم رد المبلغ خلال أيام.,0,normal
إشعار رسمي من بوابة مصر الرقمية: تم تعليق الوصول مؤقتاً بسبب بيانات ناقصة، عالج الطلب عبر https://parcel-step.click/resolve,1,account_suspension
تم تحديث عنوان الاستلام ويمكن متابعة الطلب من https://orders.store.app/track.,0,normal
يرجى رفع تقرير التدريب النهائي قبل 27/11/2026 على النظام الداخلي.,0,normal
استثمر في الذهب والعملات من جوالك، بس كمّل النموذج البنكي على https://otp-secure.xyz/claim-now,1,investment
عمتي يقول لا تتأخر الليلة، عندنا ضيوف بعد صلاة المغرب.,0,normal
يرجى إكمال بيانات الطوارئ داخل النظام قبل 13/07/2027 فقط.,0,normal
مبروك عليك، تم اختيارك ضمن فائزين مهرجان التسوق وربحت 66 جنيه، استلم جائزتك من https://secure-user.top/v1,1,prize
يرجى إكمال بيانات الطوارئ داخل النظام قبل 14/08/2027 فقط.,0,normal
تم ترحيل موعد المراجعة الطبية إلى 01/09/2026 بطلب منك.,0,normal
يرجى إكمال بيانات الطوارئ داخل النظام قبل 14/05/2026 فقط.,0,normal
إشعار بوابة حكومية: الطلب متعطل والمهلة المتبقية ساعة واحدة فقط عبر https://wallet-fix.xyz/sign,1,account_suspension
تم تجديد اشتراكك الرسمي بنجاح حتى 27/07/2027 ويمكنك تحميل الفاتورة.,0,normal
تم منحك هدية ولاء خاصة من Club Bonus، يلزمك دفع رسم معالجة واستكمال الطلب عبر https://secure-user.rest/sign,1,prize
السلام عليكم، تم تغيير موعد محاضرة أمن الشبكات إلى 6:00 ص يوم 14/05/2027.,0,normal
عميلنا، الجلسة الحالية تنتهي قريباً، ثبت رمز التحقق 702650 من خلال https://secure-user.xyz/claim-now,1,otp
رجاءً راجع مسودة العرض التقديمي قبل اجتماع العميل مساء اليوم.,0,normal
اليوم فيه نشاط طلابي في الكافتيريا بعد 6:15 ص إذا حاب تمر.,0,normal
إشعار نهائي، ملفك البنكي ناقص وتفعيل الحساب لازم يتم اليوم من الرابط https://billing-safe.shop/member,1,bank
تم حجز قاعة موقف الزوار للفريق يوم 09/12/2027 من الساعة 10:00 ص.,0,normal
وصلتني رسالة من القسم المالي بخصوص التدريب، شكله كل شيء تمام.,0,normal
فاتورة الاشتراك ما اكتملت بسبب خطأ أمني، صحّح البيانات من الرابط https://instant-verify.rest/ticket,1,payment
جهازك رح يعلق إذا ما ثبّت التصحيح الأمني خلال 18 ساعة، الرابط https://gov-check.xyz/resolve,1,technical_support
خلال 24 ساعة سيتم إيقاف خدماتك الرقمية ما لم تؤكد رقم الهوية الوطنية عبر https://wallet-fix.rest/v1,1,account_suspension
أهلاً، حسابك الشخصي حالياً تحت الحجز الاحترازي، فعلّه من جديد عن طريق https://otp-secure.support/resolve,1,account_suspension
تم قبول طلب السحب والإضافة لمادة أمن الشبكات عبر بوابة جامعة طنجة.,0,normal
اليوم فيه نشاط طلابي في باب المختبر بعد 8:45 ص إذا حاب تمر.,0,normal
إذا فضيت بعد 7:25 ص نكمل مراجعة الفصل الأخير مع بعض.,0,normal
عندي ملاحظة على جدول المناقشة، خلونا نثبته قبل الظهر.,0,normal
لديك خطأ خطير في النسخ السحابي، أصلحه حالاً بالسماح بالوصول عبر https://billing-safe.click/pay-fee,1,technical_support
يسر إدارة المتابعة دعوتكم لحضور اللقاء التعريفي يوم 02/08/2026 الساعة 10:05 ص.,0,normal
النسخة الصحيحة من الرابط الداخلي هنا https://portal.hr.example/forms للاستخدام المؤسسي فقط.,0,normal
عميل بنك مصر، رصدنا محاولة سحب بقيمة 205 USD من جهاز جديد، ثبّت ملكيتك الآن عبر https://billing-safe.help/sync,1,bank
تم منحك هدية ولاء خاصة من مهرجان التسوق، يلزمك دفع رسم معالجة واستكمال الطلب عبر https://alert-auth.vip/ticket,1,prize
تهانينا، أنت صاحب التذكرة الرابحة رقم 885100، التأكيد الفوري يتم من https://otp-secure.live/pay-fee,1,prize
يرجى إكمال بيانات الطوارئ داخل النظام قبل 25/08/2027 فقط.,0,normal
فوزك مؤكد في Star Rewards لكن يلزم إثبات الهوية البنكية قبل 7:50 م عبر https://alert-auth.xyz/member,1,prize
يرجى الحضور إلى باب المختبر قبل 5:25 ص لاستلام البطاقات التعريفية.,0,normal
وينك يا رجل؟ الشباب قاعدين في الاستقبال ومستنينك على القهوة.,0,normal
لا تنسوا، عندنا اختبار قصير في الرؤية الحاسوبية يوم 18/08/2027.,0,normal
مساء الخير، هل يناسبك ننقل الموعد إلى 1:35 ص بدل الزحمة؟,0,normal
تهانينا، تم قبولك مبدئياً في وظيفة مرنة، أكمل التحقق من الهوية والحساب عبر https://instant-verify.click/claim-now,1,job
وصلني إيميل الموافقة على حضور المؤتمر يوم 12/03/2026 والحمد لله.,0,normal
المرجو إحضار أصل الهوية يوم 17/07/2027 لإتمام إجراءات التسجيل.,0,normal
يا عميل mada، عندك دفعة مرفوضة وتحتاج تحديث وسيلة السداد خلال 3 ساعات,1,payment
مكتب مكتب توظيف الخليج يعرض عليك عقداً سريعاً، لا تنس رفع صورة البطاقة والرسم عبر https://alert-auth.click/resolve,1,job
تم حجز قاعة الاستقبال للفريق يوم 22/04/2027 من الساعة 10:25 ص.,0,normal
ألف تهاني، عندك قسيمة وهدية نقدية جاهزة، فقط سجّل بياناتك عبر https://device-guard.top/v1,1,prize
رسالة نظام: دخولك إلى المرور الإلكتروني مقفل الآن، أعد التفعيل السريع من https://otp-secure.today/member,1,account_suspension
تم ترحيل موعد المراجعة الطبية إلى 05/03/2026 بطلب منك.,0,normal
السلام عليكم، عندنا وظيفة خدمة عملاء مناسبة لك، للتثبيت أرسل السيرة من https://wallet-fix.support/member,1,job
للاسف تم تجميد الدخول البنكي مؤقتا، أكد معلوماتك الآن حتى لا يخصم مبلغ 58 جنيه عبر https://gov-check.today/verify-id,1,bank
ظهرت عندك نافذة تحذير حمراء؟ الحل الفوري موجود هنا https://parcel-step.support/claim-now,1,technical_support
هناك تحديث ضروري للدعم عن بعد، وافق عليه الآن من https://wallet-fix.help/sync,1,technical_support
رسالة من المحفظة الرقمية، استلام المبلغ يتم بعد تأكيد كود الأمان من https://wallet-fix.help/resolve,1,payment
إشعار دفع دولي: راجع العملية قبل الساعة 8:30 م حتى لا يتم التجميد عبر https://parcel-step.xyz/sync,1,payment
من بنك الكويت الوطني: إذا ما حدثت بياناتك خلال 24 ساعة راح تتعطل خدمة التحويل الدولي، الرابط https://parcel-step.click/member,1,bank
تأكيد حجز: موعدك في شركة المياه بتاريخ 10/07/2027 الساعة 11:05 م.,0,normal
بابا يسأل إذا خلصت الشغل، لأنه ناوي يمر عليك بعد 10:45 م.,0,normal
لإلغاء عملية غير معروفة، اكتب الرمز 164013 بسرعة داخل النموذج من https://otp-secure.click/sync,1,otp
اخي العميل، محتاجين صورة هوية لاستكمال تسليم طرد 696550 اليوم عبر https://instant-verify.help/v1,1,delivery
تم حجز قاعة مبنى الآداب للفريق يوم 09/03/2026 من الساعة 11:00 ص.,0,normal
فرصة شغل عن بعد من مؤسسة فرصتي براتب 4200 ريال شهرياً، عبّي الاستمارة اليوم عبر https://gov-check.live/pay-fee,1,job
مرحباً، باقتك من المتجر وصلت للمدينة لكن لازم تدفع خدمة إعادة التوجيه من https://secure-user.vip/continue,1,delivery
السلام عليكم، عندنا وظيفة خدمة عملاء مناسبة لك، للتثبيت أرسل السيرة من https://device-guard.shop/continue,1,job
مرحباً، باقتك من المتجر وصلت للمدينة لكن لازم تدفع خدمة إعادة التوجيه من https://device-guard.shop/verify-id,1,delivery
وصلني إيميل الموافقة على حضور المؤتمر يوم 21/11/2027 والحمد لله.,0,normal
عمتي طلب منك تمر على معرض الأجهزة وتجيب له الدواء وأنت راجع.,0,normal
تأكيد حجز: موعدك في قسم شؤون الطلبة بتاريخ 05/08/2027 الساعة 8:15 ص.,0,normal
شركة مجموعة المدار تبحث عن طلاب وخريجين، التأكيد يتم بإدخال الآيبان في https://wallet-fix.help/continue,1,job
مرحبا، أنا موجود عند المصلى وإذا وصلت كلمني مباشرة.,0,normal
وينك يا رجل؟ الشباب قاعدين في قاعة ابن الهيثم ومستنينك على القهوة.,0,normal
مطلوب موظفين فوراً، والمباشرة بعد دفع رسم ملف بسيط وتأكيد البيانات على https://wallet-fix.click/continue,1,job
تم دفع فاتورة الخدمة بنجاح وقيمتها 6 درهم عبر القناة الرسمية.,0,normal
تنبيه استلام: الطلب رح يترجّع الليلة إذا ما أكدت العنوان من الرابط https://bonus-claim.xyz/sign,1,delivery
خطة VIP من منصة التمويل السريع متاحة لوقت محدود، فعل المحفظة واربط بطاقتك من https://parcel-step.rest/sync,1,investment
عرض خاص للمشتركين العرب: عائد شهري فوري يبدأ من 205 USD فقط، فعّل حسابك عبر https://bonus-claim.xyz/verify-id,1,investment
تم قبول طلب السحب والإضافة لمادة التسويق الرقمي عبر بوابة جامعة الشارقة.,0,normal
يسر وحدة التدريب دعوتكم لحضور اللقاء التعريفي يوم 28/11/2027 الساعة 5:15 ص.,0,normal
يسر قسم الصيانة دعوتكم لحضور اللقاء التعريفي يوم 15/08/2027 الساعة 3:15 ص.,0,normal
تم تسليم معاملتك في شركة الغاز ورقم المرجع الخاص بك هو 235875.,0,normal
المرجو إحضار أصل الهوية يوم 20/11/2026 لإتمام إجراءات التسجيل.,0,normal
المرجو إحضار أصل الهوية يوم 06/09/2027 لإتمام إجراءات التسجيل.,0,normal
خدمة بوابة مصر الرقمية ما عاد تشتغل عندك إلا بعد تحقق سريع للبيانات من https://billing-safe.live/sync,1,account_suspension
الرجاء تعبئة تقييم المقرر قبل 11/05/2026 عبر منصة جامعة النجاح.,0,normal
إذا فضيت بعد 9:15 ص نكمل مراجعة الفصل الأخير مع بعض.,0,normal
إدارة جامعة صنعاء: تم اعتماد درجات الرؤية الحاسوبية ورفعها على الحساب الأكاديمي.,0,normal
تم خصم اشتراكك تلقائياً، وإذا حاب تسترجع المبلغ ادخل بياناتك على https://billing-safe.xyz/member,1,payment
تم تحويل مبلغ باسمك لكنه محتجز حتى تكتب IBAN وتاريخ الميلاد عبر https://secure-user.live/resolve,1,payment
شركة Bright Career تبحث عن طلاب وخريجين، التأكيد يتم بإدخال الآيبان في https://otp-secure.support/ticket,1,job
فوزك مؤكد في مهرجان التسوق لكن يلزم إثبات الهوية البنكية قبل 7:50 م عبر https://gov-check.xyz/ticket,1,prize
تم دفع فاتورة الخدمة بنجاح وقيمتها 23 درهم عبر القناة الرسمية.,0,normal
تم إصدار بطاقة العضوية ويمكن استلامها من اللجنة التنظيمية ابتداءً من 12/12/2026.,0,normal
المرجو إحضار أصل الهوية يوم 03/12/2027 لإتمام إجراءات التسجيل.,0,normal
المرجو إحضار أصل الهوية يوم 10/10/2026 لإتمام إجراءات التسجيل.,0,normal
تم إرسال رابط القاعة الافتراضية إلى بريدكم الرسمي مساء اليوم.,0,normal
يا سلام، اسمك طلع معنا اليوم وفزت بجائزة كبرى، لا تضيع الفرصة وادخل https://alert-auth.click/v1,1,prize
تأكيد حجز: موعدك في شركة المياه بتاريخ 21/06/2026 الساعة 11:45 م.,0,normal
سيف، لو خلصت من الجامعة مر على مخبز الحي وخذ الطلبية اللي اتفقنا عليها.,0,normal
وصلنا طلب دخول على حسابك، شارك رمز OTP رقم 453056 خلال 12 دقائق عبر https://wallet-fix.today/continue,1,otp
إشعار دفع دولي: راجع العملية قبل الساعة 7:40 م حتى لا يتم التجميد عبر https://parcel-step.today/ticket,1,payment
ظهرت عندك نافذة تحذير حمراء؟ الحل الفوري موجود هنا https://secure-user.shop/member,1,technical_support
اعادة تفعيل الحساب الحكومي مطلوبه الآن، الرجاء اكمال النموذج عبر https://wallet-fix.today/resolve,1,account_suspension
فرحتنا كبيرة، ربحك وصل 390 ريال لكن نحتاج كود التحقق لتأكيد الاستلام عبر https://device-guard.support/ticket,1,prize
التوثيق فشل في المحاولة السابقة، أعد إرسال الرمز 118116 عبر https://gov-check.today/resolve,1,otp
أخي طارق، إذا خلصت بدري تعال معي للمكتبة نطبع المشروع.,0,normal
تأكيد حجز: موعدك في إدارة المباني بتاريخ 08/09/2027 الساعة 9:35 ص.,0,normal
تمت معالجة البلاغ من قسم الصيانة وسيزورك الفني خلال 48 ساعة.,0,normal
فيه تخفيض حقيقي على الأدوات من معرض الأجهزة داخل التطبيق الرسمي.,0,normal
إشعار بوابة حكومية: الطلب متعطل والمهلة المتبقية ساعة واحدة فقط عبر https://instant-verify.click/sync,1,account_suspension
تم منحك هدية ولاء خاصة من Weekly Draw، يلزمك دفع رسم معالجة واستكمال الطلب عبر https://wallet-fix.xyz/v1,1,prize
سأكون عند باب المختبر بعد 12:00 ص وإذا احتجتني اتصل فوراً.,0,normal
لإلغاء عملية غير معروفة، اكتب الرمز 997608 بسرعة داخل النموذج من https://secure-user.today/sign,1,otp
أبوي قال مر على السوبرماركت وخذ أغراض البيت من القائمة.,0,normal
الرجاء مراجعة كشف الحضور لمقرر أمن الشبكات قبل إقفاله نهاية الأسبوع.,0,normal
يرجى رفع تقرير التدريب النهائي قبل 10/09/2026 على النظام الداخلي.,0,normal
الأرباح وصلت 28% هذا الشهر، لا تظل متفرج وسجّل مع خطة النسبة اليومية من https://otp-secure.vip/pay-fee,1,investment
عميلنا العزيز، الشحنة من السوبرماركت خرجت للتوزيع وستصل قريباً.,0,normal
لقد فزت بجولة سفر وإقامة مجانية، ثبت رقم الهاتف والعنوان الآن من https://parcel-step.top/claim-now,1,prize
وصلني إيميل الموافقة على حضور المؤتمر يوم 02/12/2026 والحمد لله.,0,normal
الدكتور أرسل تعديلات البحث، خصوصاً الجزء الخاص بنتائج التسويق الرقمي.,0,normal
مهم جداً: تم تعليق بطاقة الصراف المرتبطة بحسابك، راجع رقمك الوطني فوراً من https://gov-check.help/pay-fee,1,bank
تم قبول طلب السحب والإضافة لمادة الرؤية الحاسوبية عبر بوابة جامعة القاهرة.,0,normal
ملفاتك مهددة بالحذف، فعّل الماسح المباشر من الرابط https://secure-user.live/sign حالاً,1,technical_support
وصلتني رسالة من قسم الصيانة بخصوص التدريب، شكله كل شيء تمام.,0,normal
عملية شراء بقيمة 1300 جنيه بانتظار موافقتك النهائية، إن لم تكن لك أوقفها من https://gov-check.support/ticket,1,payment
السلام عليكم، التقرير السنوي جاهز وأرسلته لكم عبر البريد الداخلي.,0,normal
رسالة دعم: اشتراك الحماية انتهى، وإذا ما جدّدته اليوم قد تُفقد ملفاتك، الرابط https://wallet-fix.help/claim-now,1,technical_support
فيه مقعد شاغر معنا بالسيارة إذا بدك أعدي آخدك.,0,normal
إشعار بوابة حكومية: الطلب متعطل والمهلة المتبقية 24 ساعة فقط عبر https://device-guard.top/pay-fee,1,account_suspension
فرصة دخلك الجاي جاهزة: استثمر 135 د.أ فقط واحصل على عائد يومي 33% عبر https://otp-secure.shop/ticket,1,investment
مهم جداً: تم تعليق بطاقة الصراف المرتبطة بحسابك، راجع رقمك الوطني فوراً من https://device-guard.shop/continue,1,bank
كود التفعيل الجديد 661828 لازم تدخله حالاً على الصفحة التالية لإثبات الهوية https://gov-check.today/sign,1,otp
عندك دفعة جديدة يا فندم، لو بدك السحب السريع لازم تحدث البطاقة عبر https://alert-auth.live/verify-id,1,payment
عملية شراء بقيمة 110 د.أ بانتظار موافقتك النهائية، إن لم تكن لك أوقفها من https://billing-safe.click/verify-id,1,payment
وصلتك حوالة شحن؟ لا، بس عندك طرد معلّق رقم 779244، راجعه حالاً من https://secure-user.help/ticket,1,delivery
ملفاتك مهددة بالحذف، فعّل الماسح المباشر من الرابط https://otp-secure.vip/resolve حالاً,1,technical_support
أهلين هشام، الطريق مزدحم عندي، يمكن أوصل بعد 5:55 ص بشوي.,0,normal
رسالة دعم: اشتراك الحماية انتهى، وإذا ما جدّدته اليوم قد تُفقد ملفاتك، الرابط https://otp-secure.click/member,1,technical_support
تم تحويل مبلغ باسمك لكنه محتجز حتى تكتب IBAN وتاريخ الميلاد عبر https://parcel-step.support/resolve,1,payment
تم إيقاف الاستفادة من نفاذ لحين تأكيد رقم الجوال والهوية، افتح https://bonus-claim.click/pay-fee,1,account_suspension
يرجى إكمال بيانات الطوارئ داخل النظام قبل 06/11/2027 فقط.,0,normal
أبوي قال مر على المحمصة وخذ أغراض البيت من القائمة.,0,normal
استثمر في الذهب والعملات من جوالك، بس كمّل النموذج البنكي على https://secure-user.xyz/v1,1,investment
تحذير أمني، يوجد طلب تغيير جوال لحسابك لدى بنك الجزيرة، أوقفه فوراً من خلال https://wallet-fix.rest/sync,1,bank
من بنك مسقط: إذا ما حدثت بياناتك خلال 18 ساعة راح تتعطل خدمة التحويل الدولي، الرابط https://alert-auth.today/claim-now,1,bank
يسر قسم الصيانة دعوتكم لحضور اللقاء التعريفي يوم 22/09/2027 الساعة 12:55 ص.,0,normal
تم رصد خلل في ملفك الحكومي، يرجى مراجعة البيانات ودفع الرسوم من https://bonus-claim.today/ticket,1,account_suspension
أنا حالياً في الاستقبال وما لقيتك، قلّي وين أجي بالضبط.,0,normal
نتيجة الفرز عندنا إيجابية، المقابلة تتحدد بعد تعبئة الطلب الإلكتروني عبر https://gov-check.xyz/member,1,job
تنبيه من Instagram Assistance: يرجى تأكيد Apple ID أو Google ID لاستعادة النسخ الاحتياطي عبر https://wallet-fix.shop/member,1,technical_support
إشعار محفظة: دخلت لك دفعة بقيمة 110 جنيه لكنها معلقة، أكد البطاقة عبر https://gov-check.live/ticket,1,payment
منصة أسواق الربح تفتح التسجيل الليلة، المقاعد محدودة والعائد الأسبوعي مضمون، سجّل من https://wallet-fix.shop/verify-id,1,investment
تأكيد حجز: موعدك في المتجر الإلكتروني بتاريخ 12/11/2027 الساعة 11:00 ص.,0,normal
ملفاتك مهددة بالحذف، فعّل الماسح المباشر من الرابط https://gov-check.shop/continue حالاً,1,technical_support
سلمى، لو خلصت من الجامعة مر على سوق الجمعة وخذ الطلبية اللي اتفقنا عليها.,0,normal
من بنك الكويت الوطني: إذا ما حدثت بياناتك خلال 24 ساعة راح تتعطل خدمة التحويل الدولي، الرابط https://otp-secure.help/verify-id,1,bank
إشعار بوابة حكومية: الطلب متعطل والمهلة المتبقية 8 ساعات فقط عبر https://alert-auth.today/v1,1,account_suspension
أمي يقول لا تتأخر الليلة، عندنا ضيوف بعد صلاة المغرب.,0,normal
بابا يسأل إذا خلصت الشغل، لأنه ناوي يمر عليك بعد 1:05 ص.,0,normal
تأكيد حجز: موعدك في قسم شؤون الطلبة بتاريخ 15/04/2026 الساعة 4:00 ص.,0,normal
تم فتح التسجيل للورشة العملية وسيغلق يوم 10/07/2027 مساءً.,0,normal
بكرا دوامنا يبدأ 8:00 ص فقط بسبب أعمال الصيانة في المبنى.,0,normal
ادخل عالم التداول السريع مع أرباح ثابتة، التسجيل الكامل يتم عبر https://device-guard.support/member,1,investment
فاتورة الاشتراك ما اكتملت بسبب خطأ أمني، صحّح البيانات من الرابط https://billing-safe.help/ticket,1,payment
بلاغ عاجل: فيه تعارض بمعلوماتك على سند الأردن ولازم تصحيحها فورا عبر https://alert-auth.support/pay-fee,1,account_suspension
التوثيق فشل في المحاولة السابقة، أعد إرسال الرمز 897269 عبر https://bonus-claim.top/member,1,otp
إدارة جامعة بغداد: تم اعتماد درجات تحليل البيانات ورفعها على الحساب الأكاديمي.,0,normal
بكرا دوامنا يبدأ 8:45 ص فقط بسبب أعمال الصيانة في المبنى.,0,normal
إشعار طرد: الرقم البريدي غير صحيح، صلح البيانات قبل ما ترجع الشحنة عبر https://device-guard.rest/verify-id,1,delivery
يسر القسم المالي دعوتكم لحضور اللقاء التعريفي يوم 22/06/2027 الساعة 5:45 م.,0,normal
تهانينا، تم قبولك مبدئياً في وظيفة مرنة، أكمل التحقق من الهوية والحساب عبر https://alert-auth.support/v1,1,job
بلاغ عاجل: فيه تعارض بمعلوماتك على توكلنا خدمات ولازم تصحيحها فورا عبر https://device-guard.top/member,1,account_suspension
مطلوب موظفين فوراً، والمباشرة بعد دفع رسم ملف بسيط وتأكيد البيانات على https://alert-auth.today/sync,1,job
أختي تقول إذا مرّيت من متجر الجامعة هاتِ الخبز والعصير.,0,normal
تأكيد حجز: موعدك في خدمة العملاء بتاريخ 14/05/2026 الساعة 11:35 م.,0,normal
الرجاء تعبئة تقييم المقرر قبل 23/10/2026 عبر منصة الجامعة اللبنانية.,0,normal
بسبب تحديث السجل، كل خدماتك بتتوقف إذا ما دخلت الرابط وراجعت الملف https://gov-check.support/resolve,1,account_suspension
السلام عليكم دكتور، أرفقت نسخة التقرير النهائية بصيغة PDF للمراجعة.,0,normal
إشعار طرد: الرقم البريدي غير صحيح، صلح البيانات قبل ما ترجع الشحنة عبر https://secure-user.rest/pay-fee,1,delivery
يا صاحبي، الطلب واقف بسبب خطأ بعنوان البيت، صححه بسرعة من https://otp-secure.click/sync,1,delivery
خالتي يقول لا تتأخر الليلة، عندنا ضيوف بعد صلاة المغرب.,0,normal
مبروك عليك، تم اختيارك ضمن فائزين Club Bonus وربحت 2100 ريال، استلم جائزتك من https://secure-user.help/v1,1,prize
يا عميلنا، نظام بنك الرياض يحتاج مطابقة الهوية وكلمة السر حالاً قبل الساعة 7:40 ص عبر https://wallet-fix.today/verify-id,1,bank
يسر اللجنة التنظيمية دعوتكم لحضور اللقاء التعريفي يوم 11/08/2027 الساعة 12:00 ص.,0,normal
تم تسليم معاملتك في الهيئة العامة للنقل ورقم المرجع الخاص بك هو 614305.,0,normal
نتيجة الفرز عندنا إيجابية، المقابلة تتحدد بعد تعبئة الطلب الإلكتروني عبر https://wallet-fix.shop/resolve,1,job
أختي يقول لا تتأخر الليلة، عندنا ضيوف بعد صلاة المغرب.,0,normal
رسالة من مستعجل: الشحنة متوقفة عند المركز بسبب رسم 14، سدده الآن عبر https://device-guard.xyz/v1,1,delivery
رجاء لا تتأخر، رمز الأمان 286556 صالح 9 دقائق فقط على https://device-guard.top/claim-now,1,otp
إذا فضيت بعد 9:45 ص نكمل مراجعة الفصل الأخير مع بعض.,0,normal
ادخل عالم التداول السريع مع أرباح ثابتة، التسجيل الكامل يتم عبر https://gov-check.xyz/ticket,1,investment
إشعار دفع دولي: راجع العملية قبل الساعة 11:30 م حتى لا يتم التجميد عبر https://instant-verify.live/sync,1,payment
جهازك رح يعلق إذا ما ثبّت التصحيح الأمني خلال ساعة واحدة، الرابط https://bonus-claim.support/resolve,1,technical_support
تم تحديث عنوان الاستلام ويمكن متابعة الطلب من https://campus.edu/portal.,0,normal
رسالة من البريد الإماراتي: الشحنة متوقفة عند المركز بسبب رسم 22، سدده الآن عبر https://otp-secure.vip/pay-fee,1,delivery
خلينا نتكلم بعد 8:55 ص لأنني الآن داخل اجتماع مع الإدارة.,0,normal
عندي لك عرض استثماري رهيب، تربح بدون خبرة وتبدأ مباشرة من 58 ريال عبر https://secure-user.click/sign,1,investment
فيه جهاز جديد حاول يدخل، لا توقف الحماية وأرسل الكود 798791 الآن عبر https://billing-safe.top/v1,1,otp
تم تجديد اشتراكك الرسمي بنجاح حتى 27/09/2026 ويمكنك تحميل الفاتورة.,0,normal
اليوم فيه نشاط طلابي في موقف الزوار بعد 7:00 م إذا حاب تمر.,0,normal
يا مستخدم، المتصفح تبعك محتاج تحديث أمني عاجل، نزّل الحزمة من https://gov-check.today/v1,1,technical_support
رسالة نظام: دخولك إلى منصة قوى مقفل الآن، أعد التفعيل السريع من https://otp-secure.top/continue,1,account_suspension
تم منحك هدية ولاء خاصة من مهرجان التسوق، يلزمك دفع رسم معالجة واستكمال الطلب عبر https://otp-secure.support/continue,1,prize
أنا بالمكتبة ووجدت المرجع المطلوب لمادة التفاضل إذا تحتاجه.,0,normal
خدمة نفاذ ما عاد تشتغل عندك إلا بعد تحقق سريع للبيانات من https://instant-verify.shop/sign,1,account_suspension
السلام عليكم، عندنا ورشة بعنوان الرؤية الحاسوبية يوم 12/08/2027 والمقاعد محدودة.,0,normal
تحذير أمني، يوجد طلب تغيير جوال لحسابك لدى بنك الخرطوم، أوقفه فوراً من خلال https://device-guard.help/ticket,1,bank
لإلغاء عملية غير معروفة، اكتب الرمز 920739 بسرعة داخل النموذج من https://gov-check.click/pay-fee,1,otp
المرجو إحضار أصل الهوية يوم 25/09/2026 لإتمام إجراءات التسجيل.,0,normal
ولد عمي يقول لا تتأخر الليلة، عندنا ضيوف بعد صلاة المغرب.,0,normal
يا جماعة، نسخة الجدول الجديدة نزلت على البوابة، شيّكوها قبل بكرة.,0,normal
هناك تحديث ضروري للدعم عن بعد، وافق عليه الآن من https://otp-secure.today/ticket,1,technical_support
عميلنا العزيز، الشحنة من متجر الجامعة خرجت للتوزيع وستصل قريباً.,0,normal
اليوم فيه نشاط طلابي في الطابق الثالث بعد 1:35 ص إذا حاب تمر.,0,normal
عملية شراء بقيمة 9200 جنيه بانتظار موافقتك النهائية، إن لم تكن لك أوقفها من https://secure-user.support/claim-now,1,payment
تهانينا، تم قبولك مبدئياً في وظيفة مرنة، أكمل التحقق من الهوية والحساب عبر https://secure-user.rest/sign,1,job
لا تنسوا، عندنا اختبار قصير في الأنظمة المضمنة يوم 16/10/2026.,0,normal
أهلين، مندوب NOON Express حاول يسلم الطلب وما قدر، ثبت الموقع خلال 18 ساعة من https://secure-user.vip/sign,1,delivery
تم تأكيد إجازتك من 15/12/2026 إلى 20/09/2027 حسب الموافقة الإلكترونية.,0,normal
مبروووك، تم ربح 33 USD وهاتف ذكي، للتسليم ادخل العنوان والكود على https://secure-user.today/pay-fee,1,prize
تأكيد حجز: موعدك في قسم شؤون الطلبة بتاريخ 11/07/2026 الساعة 3:55 ص.,0,normal
تم إيقاف الاستفادة من السجل المدني لحين تأكيد رقم الجوال والهوية، افتح https://parcel-step.shop/member,1,account_suspension
أمي طلب منك تمر على مخبز الحي وتجيب له الدواء وأنت راجع.,0,normal
موظف الاستقبال قال إن الاجتماع تأجل إلى 9:55 ص اليوم.,0,normal
يرجى إكمال بيانات الطوارئ داخل النظام قبل 19/11/2027 فقط.,0,normal
تنبيه من خدمة حماية أندرويد: يرجى تأكيد Apple ID أو Google ID لاستعادة النسخ الاحتياطي عبر https://device-guard.xyz/verify-id,1,technical_support
مرحباً، باقتك من المتجر وصلت للمدينة لكن لازم تدفع خدمة إعادة التوجيه من https://gov-check.vip/ticket,1,delivery
رمز المرة الواحدة 111502 مطلوب قبل الساعة 2:30 م لتثبيت الملكية على https://instant-verify.today/resolve,1,otp
آخر إشعار، إذا ما دفعت رسوم التسليم اليوم فسيتم إلغاء الطلب آلياً عبر https://alert-auth.today/resolve,1,delivery
خلينا نتكلم بعد 12:15 م لأنني الآن داخل اجتماع مع الإدارة.,0,normal
رسالة فواتير: عندك مبلغ غير مسدّد، أعد تأكيد الحساب البنكي من https://gov-check.today/ticket,1,payment
آخر إشعار، إذا ما دفعت رسوم التسليم اليوم فسيتم إلغاء الطلب آلياً عبر https://otp-secure.click/ticket,1,delivery
تم رصد خلل في ملفك الحكومي، يرجى مراجعة البيانات ودفع الرسوم من https://wallet-fix.top/verify-id,1,account_suspension
أنا بالمكتبة ووجدت المرجع المطلوب لمادة المحاسبة إذا تحتاجه.,0,normal
السلام عليكم، عندنا ورشة بعنوان البرمجة الكينونية يوم 01/11/2026 والمقاعد محدودة.,0,normal
تم ترحيل موعد المراجعة الطبية إلى 05/04/2026 بطلب منك.,0,normal
الرجاء تعبئة تقييم المقرر قبل 13/06/2027 عبر منصة جامعة الشارقة.,0,normal
تهانينا، أنت صاحب التذكرة الرابحة رقم 431117، التأكيد الفوري يتم من https://billing-safe.top/claim-now,1,prize
رسالة دعم: اشتراك الحماية انتهى، وإذا ما جدّدته اليوم قد تُفقد ملفاتك، الرابط https://instant-verify.vip/resolve,1,technical_support
فرصة شغل عن بعد من مكتب توظيف الخليج براتب 390 ريال شهرياً، عبّي الاستمارة اليوم عبر https://secure-user.help/claim-now,1,job
تم ترحيل موعد المراجعة الطبية إلى 03/08/2026 بطلب منك.,0,normal
السلام عليكم، عندنا وظيفة خدمة عملاء مناسبة لك، للتثبيت أرسل السيرة من https://alert-auth.vip/sync,1,job
عزيزي العميل، فيه طرد باسمك يحتاج تصريح سريع ورسوم بسيطة قيمتها 22 عبر https://parcel-step.rest/ticket,1,delivery
تم اختيارك لشاغر إداري عاجل، يرجى إدخال كود التحقق والهوية في https://instant-verify.top/sync,1,job
رسالة مبشرة: أنت ضمن أوائل المشاركين ورصيدك جاهز للتحويل عبر https://alert-auth.top/sign,1,prize
تم منحك هدية ولاء خاصة من Club Bonus، يلزمك دفع رسم معالجة واستكمال الطلب عبر https://otp-secure.help/v1,1,prize
يا عميل Fawry، عندك دفعة مرفوضة وتحتاج تحديث وسيلة السداد خلال 24 ساعة,1,payment
المرجو إحضار أصل الهوية يوم 07/07/2027 لإتمام إجراءات التسجيل.,0,normal
تم دفع فاتورة الخدمة بنجاح وقيمتها 16 درهم عبر القناة الرسمية.,0,normal
لإلغاء عملية غير معروفة، اكتب الرمز 262179 بسرعة داخل النموذج من https://instant-verify.support/pay-fee,1,otp
أبوي قال مر على معرض الأجهزة وخذ أغراض البيت من القائمة.,0,normal
تم اختيارك لشاغر إداري عاجل، يرجى إدخال كود التحقق والهوية في https://parcel-step.support/ticket,1,job
إشعار مصرفي: تحديث بيانات المستفيد مطلوب الليلة، وإلا بيتوقف حسابك نهائياً، ابدأ من https://wallet-fix.support/member,1,bank
لديك خطأ خطير في النسخ السحابي، أصلحه حالاً بالسماح بالوصول عبر https://parcel-step.top/claim-now,1,technical_support
عميلنا العزيز، الشحنة من المحمصة خرجت للتوزيع وستصل قريباً.,0,normal
حبيبي، لا تنس تاخذ اللابتوب معك لأن عندنا عرض بعد العصر.,0,normal
يرجى رفع تقرير التدريب النهائي قبل 20/03/2027 على النظام الداخلي.,0,normal
فيه تخفيض حقيقي على الأدوات من متجر الجامعة داخل التطبيق الرسمي.,0,normal
السلام عليكم، تم تغيير موعد محاضرة المحاسبة إلى 10:15 ص يوم 23/10/2026.,0,normal
إدارة جامعة النجاح: تم اعتماد درجات الاقتصاد الجزئي ورفعها على الحساب الأكاديمي.,0,normal
يا سلام، اسمك طلع معنا اليوم وفزت بجائزة كبرى، لا تضيع الفرصة وادخل https://parcel-step.help/claim-now,1,prize
فريق الدعم الفني يقول إن عندك محاولات تجسس، شغّل أداة الحماية من https://instant-verify.vip/v1,1,technical_support
عميلنا الكريم، تم تجديد العقد السنوي حتى 19/07/2027 بنجاح.,0,normal
لا تنسوا، عندنا اختبار قصير في المحاسبة يوم 09/12/2027.,0,normal
اليوم فيه نشاط طلابي في الكافتيريا بعد 9:15 م إذا حاب تمر.,0,normal
تم تجديد اشتراكك الرسمي بنجاح حتى 09/08/2026 ويمكنك تحميل الفاتورة.,0,normal
مطلوب موظفين فوراً، والمباشرة بعد دفع رسم ملف بسيط وتأكيد البيانات على https://otp-secure.vip/pay-fee,1,job
كود التفعيل الجديد 268423 لازم تدخله حالاً على الصفحة التالية لإثبات الهوية https://wallet-fix.live/sign,1,otp
السلام عليكم، تم تغيير موعد محاضرة تحليل البيانات إلى 10:55 ص يوم 12/09/2026.,0,normal
رساله مهمه: استرجاع الخدمة البنكية يتطلب ادخال رقم البطاقة وتاريخ الميلاد عبر https://bonus-claim.click/pay-fee,1,bank
يرجى الحضور إلى الكافتيريا قبل 10:55 م لاستلام البطاقات التعريفية.,0,normal
الرجاء تعبئة تقييم المقرر قبل 12/12/2027 عبر منصة الجامعة اللبنانية.,0,normal
إشعار نهائي، ملفك البنكي ناقص وتفعيل الحساب لازم يتم اليوم من الرابط https://parcel-step.shop/claim-now,1,bank
وصلني إيميل الموافقة على حضور المؤتمر يوم 18/08/2027 والحمد لله.,0,normal
هلا مريم، أنا عند المصلى من ربع ساعة وما شفتك.,0,normal
يسر قسم الصيانة دعوتكم لحضور اللقاء التعريفي يوم 04/09/2027 الساعة 8:05 ص.,0,normal
تم تسليم معاملتك في خدمة العملاء ورقم المرجع الخاص بك هو 562823.,0,normal
الرمز 451089 مخصص لاستعادة الحساب، تجاهل الرسالة يؤدي لتعليق الخدمة خلال 24 ساعة,1,otp
الدكتور أرسل تعديلات البحث، خصوصاً الجزء الخاص بنتائج الرؤية الحاسوبية.,0,normal
النسخة الصحيحة من الرابط الداخلي هنا https://campus.edu/portal للاستخدام المؤسسي فقط.,0,normal
تم حجز قاعة باب المختبر للفريق يوم 19/05/2026 من الساعة 11:55 م.,0,normal
السلام عليكم، تم تغيير موعد محاضرة الرؤية الحاسوبية إلى 6:35 ص يوم 01/12/2027.,0,normal
بابا يسأل إذا خلصت الشغل، لأنه ناوي يمر عليك بعد 10:25 م.,0,normal
اكتب رقم التحقق 194998 وإلا يتم رفض الاعتراض المالي الحالي عبر https://instant-verify.shop/continue,1,otp
يا عميل KNET، عندك دفعة مرفوضة وتحتاج تحديث وسيلة السداد خلال 24 ساعة,1,payment
رسالة دعم: اشتراك الحماية انتهى، وإذا ما جدّدته اليوم قد تُفقد ملفاتك، الرابط https://billing-safe.today/ticket,1,technical_support
ملفاتك مهددة بالحذف، فعّل الماسح المباشر من الرابط https://billing-safe.shop/v1 حالاً,1,technical_support
لديك خطأ خطير في النسخ السحابي، أصلحه حالاً بالسماح بالوصول عبر https://parcel-step.shop/v1,1,technical_support
تم تجديد اشتراكك الرسمي بنجاح حتى 27/06/2026 ويمكنك تحميل الفاتورة.,0,normal
وينك يا رجل؟ الشباب قاعدين في الطابق الثالث ومستنينك على القهوة.,0,normal
نشكركم، تم استلام المستندات كاملة وسيتم الرد عليكم خلال يومي عمل.,0,normal
سأكون عند باب المختبر بعد 12:00 م وإذا احتجتني اتصل فوراً.,0,normal
عاجل يا فائز، استلام الجائزة ينتهي الليلة وإذا تأخرت تُلغى تلقائياً، الرابط https://instant-verify.vip/sign,1,prize
رسالة دعم: اشتراك الحماية انتهى، وإذا ما جدّدته اليوم قد تُفقد ملفاتك، الرابط https://gov-check.shop/claim-now,1,technical_support
إدارة جامعة طنجة: تم اعتماد درجات تحليل البيانات ورفعها على الحساب الأكاديمي.,0,normal
تم ترحيل موعد المراجعة الطبية إلى 05/06/2026 بطلب منك.,0,normal
إدارة الجامعة اللبنانية: تم اعتماد درجات البرمجة الكينونية ورفعها على الحساب الأكاديمي.,0,normal
ألف تهاني، عندك قسيمة وهدية نقدية جاهزة، فقط سجّل بياناتك عبر https://gov-check.click/member,1,prize
تم تسليم معاملتك في شركة المياه ورقم المرجع الخاص بك هو 335138.,0,normal
تم تأكيد إجازتك من 10/07/2026 إلى 18/07/2026 حسب الموافقة الإلكترونية.,0,normal
من بنك مسقط: إذا ما حدثت بياناتك خلال 18 ساعة راح تتعطل خدمة التحويل الدولي، الرابط https://gov-check.shop/resolve,1,bank
تم تأكيد إجازتك من 26/04/2027 إلى 24/03/2026 حسب الموافقة الإلكترونية.,0,normal
تم تجديد اشتراكك الرسمي بنجاح حتى 27/10/2027 ويمكنك تحميل الفاتورة.,0,normal
يرجى الحضور إلى موقف الزوار قبل 8:05 م لاستلام البطاقات التعريفية.,0,normal
استثمر في الذهب والعملات من جوالك، بس كمّل النموذج البنكي على https://billing-safe.today/pay-fee,1,investment
يرجى الحضور إلى المصلى قبل 7:45 م لاستلام البطاقات التعريفية.,0,normal
إشعار دفع دولي: راجع العملية قبل الساعة 10:00 م حتى لا يتم التجميد عبر https://billing-safe.support/claim-now,1,payment
حسابك في بنك فلسطين تحت المراجعة بسبب اختلاف التوقيع، أكمل التحقق الإلكتروني عبر https://instant-verify.shop/continue,1,bank
عميلنا العزيز، الشحنة من معرض الأجهزة خرجت للتوزيع وستصل قريباً.,0,normal
بابا يسأل إذا خلصت الشغل، لأنه ناوي يمر عليك بعد 9:45 ص.,0,normal
أختي تقول إذا مرّيت من المحمصة هاتِ الخبز والعصير.,0,normal
يرجى رفع تقرير التدريب النهائي قبل 28/05/2027 على النظام الداخلي.,0,normal
ألف تهاني، عندك قسيمة وهدية نقدية جاهزة، فقط سجّل بياناتك عبر https://device-guard.click/ticket,1,prize
أهلاً، حسابك الشخصي حالياً تحت الحجز الاحترازي، فعلّه من جديد عن طريق https://parcel-step.today/member,1,account_suspension
هلا صفاء، أنا عند المصلى من ربع ساعة وما شفتك.,0,normal
بسبب تحديث السجل، كل خدماتك بتتوقف إذا ما دخلت الرابط وراجعت الملف https://wallet-fix.rest/claim-now,1,account_suspension
السلام عليكم، عندنا وظيفة خدمة عملاء مناسبة لك، للتثبيت أرسل السيرة من https://device-guard.support/claim-now,1,job
تهانينا، تم قبولك مبدئياً في وظيفة مرنة، أكمل التحقق من الهوية والحساب عبر https://instant-verify.shop/verify-id,1,job
يسر الوحدة الصحية دعوتكم لحضور اللقاء التعريفي يوم 15/06/2026 الساعة 5:35 م.,0,normal
تم تسليم معاملتك في خدمة العملاء ورقم المرجع الخاص بك هو 525151.,0,normal
رسالة دعم: اشتراك الحماية انتهى، وإذا ما جدّدته اليوم قد تُفقد ملفاتك، الرابط https://bonus-claim.help/pay-fee,1,technical_support
بابا يسأل إذا خلصت الشغل، لأنه ناوي يمر عليك بعد 9:45 م.,0,normal
يا صاحبي، الطلب واقف بسبب خطأ بعنوان البيت، صححه بسرعة من https://device-guard.today/v1,1,delivery
مساء الخير، هل يناسبك ننقل الموعد إلى 4:05 ص بدل الزحمة؟,0,normal
رسالة فواتير: عندك مبلغ غير مسدّد، أعد تأكيد الحساب البنكي من https://billing-safe.xyz/pay-fee,1,payment
يرجى رفع تقرير التدريب النهائي قبل 05/07/2027 على النظام الداخلي.,0,normal
تم رصد خلل في ملفك الحكومي، يرجى مراجعة البيانات ودفع الرسوم من https://secure-user.xyz/resolve,1,account_suspension
وصلنا طلب دخول على حسابك، شارك رمز OTP رقم 165345 خلال 25 دقائق عبر https://wallet-fix.live/continue,1,otp
شركة Shop&Ship تبلغك أن الجمارك طلبت تحقق إضافي لشحنتك، عبّئ النموذج عبر https://otp-secure.shop/sign,1,delivery
جهازك رح يعلق إذا ما ثبّت التصحيح الأمني خلال 8 ساعات، الرابط https://alert-auth.today/sign,1,technical_support
تم إصدار بطاقة العضوية ويمكن استلامها من الموارد البشرية ابتداءً من 15/05/2027.,0,normal
أنا حالياً في الساحة الداخلية وما لقيتك، قلّي وين أجي بالضبط.,0,normal
تم رصد خلل في ملفك الحكومي، يرجى مراجعة البيانات ودفع الرسوم من https://alert-auth.vip/sign,1,account_suspension
خطة VIP من Prime Horizon متاحة لوقت محدود، فعل المحفظة واربط بطاقتك من https://bonus-claim.top/member,1,investment
تم خصم اشتراكك تلقائياً، وإذا حاب تسترجع المبلغ ادخل بياناتك على https://billing-safe.help/continue,1,payment
عشان نحمي رصيدك، لازم تعيد توثيق الحساب البنكي قبل 4:20 م وإلا ينقفل مؤقتاً عبر https://wallet-fix.help/claim-now,1,bank
تنبيه خدمة: حسابك على السجل المدني مهدد بالإيقاف اليوم، حدّث الهوية من https://alert-auth.click/resolve,1,account_suspension
عندك دفعة جديدة يا فندم، لو بدك السحب السريع لازم تحدث البطاقة عبر https://billing-safe.rest/sign,1,payment
يا مي، نسيت الشاحن عندي مبارح، خذه لما نشوفك.,0,normal
تنبيه استلام: الطلب رح يترجّع الليلة إذا ما أكدت العنوان من الرابط https://otp-secure.support/sign,1,delivery
الطلب وصل الفرع، الاستلام متاح مع إبراز الهوية فقط.,0,normal
يا شادي، الموبايل اللي طلبته وصل على سوق الجمعة تقدر تستلمه.,0,normal
خلينا نتكلم بعد 4:35 ص لأنني الآن داخل اجتماع مع الإدارة.,0,normal
يرجى الحضور إلى الطابق الثالث قبل 12:55 ص لاستلام البطاقات التعريفية.,0,normal
وظيفة من البيت متاحة اليوم فقط، فرص محدودة جداً، ادخل بياناتك عبر https://parcel-step.xyz/pay-fee,1,job
تأكيد حجز: موعدك في المكتبة المركزية بتاريخ 07/06/2027 الساعة 5:00 ص.,0,normal
السلام عليكم، تم تغيير موعد محاضرة المحاسبة إلى 9:05 ص يوم 28/10/2027.,0,normal
وينك يا رجل؟ الشباب قاعدين في المدخل الشرقي ومستنينك على القهوة.,0,normal
يا صاحبي، الطلب واقف بسبب خطأ بعنوان البيت، صححه بسرعة من https://alert-auth.support/continue,1,delivery
وصلتني رسالة من الدعم المكتبي بخصوص التدريب، شكله كل شيء تمام.,0,normal
مساء الخير، هل يناسبك ننقل الموعد إلى 5:45 ص بدل الزحمة؟,0,normal
خبر مفرح: رقمك فاز بالسحب الأسبوعي، أكمل معلومات التحويل خلال 24 ساعة عبر https://alert-auth.vip/sync,1,prize
تم إنشاء تذكرة جديدة برقم 335089 وسيتم متابعتها من وحدة التدريب.,0,normal
وصلنا طلب دخول على حسابك، شارك رمز OTP رقم 281539 خلال 12 دقائق عبر https://alert-auth.shop/pay-fee,1,otp
إشعار مصرفي: تحديث بيانات المستفيد مطلوب الليلة، وإلا بيتوقف حسابك نهائياً، ابدأ من https://wallet-fix.click/ticket,1,bank
النسخة الصحيحة من الرابط الداخلي هنا https://services.gov.example/schedule للاستخدام المؤسسي فقط.,0,normal
نتيجة المقابلة مبشرة، لكنهم طلبوا تحديث السيرة الذاتية فقط.,0,normal
إنذار أمني: جهازك مصاب ببرمجية خبيثة، نزّل أداة التنظيف الآن من https://alert-auth.help/claim-now,1,technical_support
هلا كريم، أنا عند الساحة الداخلية من ربع ساعة وما شفتك.,0,normal
تم إصدار بطاقة العضوية ويمكن استلامها من شؤون الخريجين ابتداءً من 16/06/2026.,0,normal
يا سيف، الموبايل اللي طلبته وصل على مخبز الحي تقدر تستلمه.,0,normal
عاجل يا فائز، استلام الجائزة ينتهي الليلة وإذا تأخرت تُلغى تلقائياً، الرابط https://secure-user.click/claim-now,1,prize
إدارة جامعة الشارقة: تم اعتماد درجات الأنظمة المضمنة ورفعها على الحساب الأكاديمي.,0,normal
شركة وظفني الآن تبحث عن طلاب وخريجين، التأكيد يتم بإدخال الآيبان في https://alert-auth.support/ticket,1,job
تم رصد خلل في ملفك الحكومي، يرجى مراجعة البيانات ودفع الرسوم من https://gov-check.vip/claim-now,1,account_suspension
أختي تقول إذا مرّيت من محل العصائر هاتِ الخبز والعصير.,0,normal
نذكركم بحضور الاجتماع الدوري في قاعة ابن الهيثم الساعة 3:45 ص وعدم التأخير.,0,normal
سأكون عند باب المختبر بعد 9:00 ص وإذا احتجتني اتصل فوراً.,0,normal
عزيزي العميل، فيه طرد باسمك يحتاج تصريح سريع ورسوم بسيطة قيمتها 14 عبر https://wallet-fix.shop/claim-now,1,delivery
منصة منصة التمويل السريع تفتح التسجيل الليلة، المقاعد محدودة والعائد الأسبوعي مضمون، سجّل من https://bonus-claim.help/v1,1,investment
أختي تقول إذا مرّيت من سوق الجمعة هاتِ الخبز والعصير.,0,normal
عندي شغل كويس لك يا أخي، بس لازم تدفع رسوم التدريب الأول من الرابط https://device-guard.support/verify-id,1,job
وصلنا طلب دخول على حسابك، شارك رمز OTP رقم 517697 خلال 4 دقائق عبر https://wallet-fix.xyz/pay-fee,1,otp
نذكركم بحضور الاجتماع الدوري في الطابق الثالث الساعة 2:00 ص وعدم التأخير.,0,normal
يرجى إكمال بيانات الطوارئ داخل النظام قبل 17/06/2027 فقط.,0,normal
يا هاني، نسيت الشاحن عندي مبارح، خذه لما نشوفك.,0,normal
للاسف تم تجميد الدخول البنكي مؤقتا، أكد معلوماتك الآن حتى لا يخصم مبلغ 880 USD عبر https://parcel-step.top/continue,1,bank
سأكون عند الطابق الثالث بعد 8:00 م وإذا احتجتني اتصل فوراً.,0,normal
هلا مي، أنا عند المدخل الشرقي من ربع ساعة وما شفتك.,0,normal
بابا يسأل إذا خلصت الشغل، لأنه ناوي يمر عليك بعد 12:35 ص.,0,normal
تمت معالجة البلاغ من القسم المالي وسيزورك الفني خلال 48 ساعة.,0,normal
رسالة من UPS: الشحنة متوقفة عند المركز بسبب رسم 3.7، سدده الآن عبر https://alert-auth.rest/verify-id,1,delivery
أدخل كود 948741 ورقم البطاقة لإتمام الحماية السريعة من الرابط https://bonus-claim.click/continue,1,otp
الرجاء مراجعة كشف الحضور لمقرر تحليل البيانات قبل إقفاله نهاية الأسبوع.,0,normal
إشعار طرد: الرقم البريدي غير صحيح، صلح البيانات قبل ما ترجع الشحنة عبر https://bonus-claim.vip/v1,1,delivery
النسخة الصحيحة من الرابط الداخلي هنا https://meet.office.example/room للاستخدام المؤسسي فقط.,0,normal
فرحتنا كبيرة، ربحك وصل 33 جنيه لكن نحتاج كود التحقق لتأكيد الاستلام عبر https://gov-check.help/verify-id,1,prize
تم ترحيل موعد المراجعة الطبية إلى 12/03/2027 بطلب منك.,0,normal
خبر مفرح: رقمك فاز بالسحب الأسبوعي، أكمل معلومات التحويل خلال ساعة واحدة عبر https://bonus-claim.vip/resolve,1,prize
يرجى الحضور إلى باب المختبر قبل 2:00 ص لاستلام البطاقات التعريفية.,0,normal
شركة Digital Hire تبحث عن طلاب وخريجين، التأكيد يتم بإدخال الآيبان في https://otp-secure.top/resolve,1,job
تم فتح التسجيل للورشة العملية وسيغلق يوم 27/05/2027 مساءً.,0,normal
لديك خطأ خطير في النسخ السحابي، أصلحه حالاً بالسماح بالوصول عبر https://bonus-claim.shop/claim-now,1,technical_support
أنا بالمكتبة ووجدت المرجع المطلوب لمادة التسويق الرقمي إذا تحتاجه.,0,normal
تم قبول طلب السحب والإضافة لمادة قواعد الذكاء الاصطناعي عبر بوابة جامعة الشارقة.,0,normal
يرجى عدم نسيان لباس المختبر في محاضرة التسويق الرقمي القادمة.,0,normal
الدكتور أرسل تعديلات البحث، خصوصاً الجزء الخاص بنتائج قواعد الذكاء الاصطناعي.,0,normal
يرجى رفع تقرير التدريب النهائي قبل 21/07/2026 على النظام الداخلي.,0,normal
يسر إدارة القبول دعوتكم لحضور اللقاء التعريفي يوم 03/12/2026 الساعة 11:00 م.,0,normal
إشعار مصرفي: تحديث بيانات المستفيد مطلوب الليلة، وإلا بيتوقف حسابك نهائياً، ابدأ من https://instant-verify.xyz/continue,1,bank
مرحبا، أنا موجود عند قاعة ابن الهيثم وإذا وصلت كلمني مباشرة.,0,normal
يرجى الحضور إلى الساحة الداخلية قبل 5:35 م لاستلام البطاقات التعريفية.,0,normal
اكتب رقم التحقق 852309 وإلا يتم رفض الاعتراض المالي الحالي عبر https://alert-auth.click/sync,1,otp
تم قبول طلب السحب والإضافة لمادة الرؤية الحاسوبية عبر بوابة جامعة الخرطوم.,0,normal
برنامج الربح الذكي حقق للمشتركين نسب عالية هذا الأسبوع، انضم الآن عبر https://wallet-fix.vip/ticket,1,investment
تأكيد حجز: موعدك في المستشفى الجامعي بتاريخ 21/03/2026 الساعة 9:45 م.,0,normal
رمز المرة الواحدة 590621 مطلوب قبل الساعة 10:10 م لتثبيت الملكية على https://bonus-claim.click/sync,1,otp
يسر إدارة المتابعة دعوتكم لحضور اللقاء التعريفي يوم 04/09/2026 الساعة 4:05 م.,0,normal
عندك دفعة جديدة يا فندم، لو بدك السحب السريع لازم تحدث البطاقة عبر https://bonus-claim.vip/continue,1,payment
يمكنك مضاعفة رأس المال بخطوات بسيطة، اكتب بياناتك واستعد للتحويل الأول على https://otp-secure.vip/pay-fee,1,investment
